{
  "debugFiles|debugSetting.executrix.timers": false,
  "debugFiles|debugSetting.executrix.timers@ModuleFontStyle": "Bold|Underline",
  "debugFiles|debugSetting.executrix.timers@FunctionFontStyle": "Bold|Underline",
  "debugFiles|debugSetting.executrix.timers@MessageFontStyle": "Underline",
  "debugFiles|debugSetting.executrix.timers@DataFontStyle": "Bold",
  "debugFiles|debugSetting.executrix.timers@ModuleFontColor": "0,0,0",
  "debugFiles|debugSetting.executrix.timers@FunctionFontColor": "0,0,0",
  "debugFiles|debugSetting.executrix.timers@MessageFontColor": "0,0,0",
  "debugFiles|debugSetting.executrix.timers@DataFontColor": "0,0,0",
  "debugFiles|debugSetting.executrix.timers@ModuleFontBackgroundColor": "255,255,255",
  "debugFiles|debugSetting.executrix.timers@FunctionFontBackgroundColor": "255,255,255",
  "debugFiles|debugSetting.executrix.timers@MessageFontBackgroundColor": "255,255,255",
  "debugFiles|debugSetting.executrix.timers@DataFontBackgroundColor": "255,255,255",
  "debugFunctions|debugSetting.executrix.timers.computeDeltaTime": false,
  "debugFunctions|debugSetting.executrix.timers.computeDeltaTime@ModuleFontStyle": "Default",
  "debugFunctions|debugSetting.executrix.timers.computeDeltaTime@FunctionFontStyle": "Default",
  "debugFunctions|debugSetting.executrix.timers.computeDeltaTime@MessageFontStyle": "Default",
  "debugFunctions|debugSetting.executrix.timers.computeDeltaTime@DataFontStyle": "Default",
  "debugFunctions|debugSetting.executrix.timers.computeDeltaTime@ModuleFontColor": "Default",
  "debugFunctions|debugSetting.executrix.timers.computeDeltaTime@FunctionFontColor": "Default",
  "debugFunctions|debugSetting.executrix.timers.computeDeltaTime@MessageFontColor": "Default",
  "debugFunctions|debugSetting.executrix.timers.computeDeltaTime@DataFontColor": "Default",
  "debugFunctions|debugSetting.executrix.timers.computeDeltaTime@ModuleFontBackgroundColor": "Default",
  "debugFunctions|debugSetting.executrix.timers.computeDeltaTime@FunctionFontBackgroundColor": "Default",
  "debugFunctions|debugSetting.executrix.timers.computeDeltaTime@MessageFontBackgroundColor": "Default",
  "debugFunctions|debugSetting.executrix.timers.computeDeltaTime@DataFontBackgroundColor": "Default",
  "debugFunctions|debugSetting.executrix.timers.reformatDeltaTime": false,
  "debugFunctions|debugSetting.executrix.timers.reformatDeltaTime@ModuleFontStyle": "Default",
  "debugFunctions|debugSetting.executrix.timers.reformatDeltaTime@FunctionFontStyle": "Default",
  "debugFunctions|debugSetting.executrix.timers.reformatDeltaTime@MessageFontStyle": "Default",
  "debugFunctions|debugSetting.executrix.timers.reformatDeltaTime@DataFontStyle": "Default",
  "debugFunctions|debugSetting.executrix.timers.reformatDeltaTime@ModuleFontColor": "Default",
  "debugFunctions|debugSetting.executrix.timers.reformatDeltaTime@FunctionFontColor": "Default",
  "debugFunctions|debugSetting.executrix.timers.reformatDeltaTime@MessageFontColor": "Default",
  "debugFunctions|debugSetting.executrix.timers.reformatDeltaTime@DataFontColor": "Default",
  "debugFunctions|debugSetting.executrix.timers.reformatDeltaTime@ModuleFontBackgroundColor": "Default",
  "debugFunctions|debugSetting.executrix.timers.reformatDeltaTime@FunctionFontBackgroundColor": "Default",
  "debugFunctions|debugSetting.executrix.timers.reformatDeltaTime@MessageFontBackgroundColor": "Default",
  "debugFunctions|debugSetting.executrix.timers.reformatDeltaTime@DataFontBackgroundColor": "Default",
  "debugFunctions|debugSetting.executrix.timers.sleep": false,
  "debugFunctions|debugSetting.executrix.timers.sleep@ModuleFontStyle": "Default",
  "debugFunctions|debugSetting.executrix.timers.sleep@FunctionFontStyle": "Default",
  "debugFunctions|debugSetting.executrix.timers.sleep@MessageFontStyle": "Default",
  "debugFunctions|debugSetting.executrix.timers.sleep@DataFontStyle": "Default",
  "debugFunctions|debugSetting.executrix.timers.sleep@ModuleFontColor": "Default",
  "debugFunctions|debugSetting.executrix.timers.sleep@FunctionFontColor": "Default",
  "debugFunctions|debugSetting.executrix.timers.sleep@MessageFontColor": "Default",
  "debugFunctions|debugSetting.executrix.timers.sleep@DataFontColor": "Default",
  "debugFunctions|debugSetting.executrix.timers.sleep@ModuleFontBackgroundColor": "Default",
  "debugFunctions|debugSetting.executrix.timers.sleep@FunctionFontBackgroundColor": "Default",
  "debugFunctions|debugSetting.executrix.timers.sleep@MessageFontBackgroundColor": "Default",
  "debugFunctions|debugSetting.executrix.timers.sleep@DataFontBackgroundColor": "Default"
}
