{
  "debugFiles|debugSetting.executrix.prompt": false,
  "debugFiles|debugSetting.executrix.prompt@ModuleFontStyle": "Bold|Underline",
  "debugFiles|debugSetting.executrix.prompt@FunctionFontStyle": "Bold|Underline",
  "debugFiles|debugSetting.executrix.prompt@MessageFontStyle": "Underline",
  "debugFiles|debugSetting.executrix.prompt@DataFontStyle": "Bold",
  "debugFiles|debugSetting.executrix.prompt@ModuleFontColor": "Blue",
  "debugFiles|debugSetting.executrix.prompt@FunctionFontColor": "White",
  "debugFiles|debugSetting.executrix.prompt@MessageFontColor": "Blue",
  "debugFiles|debugSetting.executrix.prompt@DataFontColor": "White",
  "debugFiles|debugSetting.executrix.prompt@ModuleFontBackgroundColor": "White",
  "debugFiles|debugSetting.executrix.prompt@FunctionFontBackgroundColor": "Black",
  "debugFiles|debugSetting.executrix.prompt@MessageFontBackgroundColor": "White",
  "debugFiles|debugSetting.executrix.prompt@DataFontBackgroundColor": "Black",
  "debugFunctions|debugSetting.executrix.prompt.prompt": false,
  "debugFunctions|debugSetting.executrix.prompt.prompt@ModuleFontStyle": "Default",
  "debugFunctions|debugSetting.executrix.prompt.prompt@FunctionFontStyle": "Default",
  "debugFunctions|debugSetting.executrix.prompt.prompt@MessageFontStyle": "Default",
  "debugFunctions|debugSetting.executrix.prompt.prompt@DataFontStyle": "Default",
  "debugFunctions|debugSetting.executrix.prompt.prompt@ModuleFontColor": "Default",
  "debugFunctions|debugSetting.executrix.prompt.prompt@FunctionFontColor": "Default",
  "debugFunctions|debugSetting.executrix.prompt.prompt@MessageFontColor": "Default",
  "debugFunctions|debugSetting.executrix.prompt.prompt@DataFontColor": "Default",
  "debugFunctions|debugSetting.executrix.prompt.prompt@ModuleFontBackgroundColor": "Default",
  "debugFunctions|debugSetting.executrix.prompt.prompt@FunctionFontBackgroundColor": "Default",
  "debugFunctions|debugSetting.executrix.prompt.prompt@MessageFontBackgroundColor": "Default",
  "debugFunctions|debugSetting.executrix.prompt.prompt@DataFontBackgroundColor": "Default"
}
