{
  "debugFiles|debugSetting.brokers.pluginBroker": false,
  "debugFiles|debugSetting.brokers.pluginBroker@ModuleFontStyle": "Bold|Underline",
  "debugFiles|debugSetting.brokers.pluginBroker@FunctionFontStyle": "Bold|Underline",
  "debugFiles|debugSetting.brokers.pluginBroker@MessageFontStyle": "Underline",
  "debugFiles|debugSetting.brokers.pluginBroker@DataFontStyle": "Bold",
  "debugFiles|debugSetting.brokers.pluginBroker@ModuleFontColor": "Yellow",
  "debugFiles|debugSetting.brokers.pluginBroker@FunctionFontColor": "0,255,0",
  "debugFiles|debugSetting.brokers.pluginBroker@MessageFontColor": "Yellow",
  "debugFiles|debugSetting.brokers.pluginBroker@DataFontColor": "0,255,0",
  "debugFiles|debugSetting.brokers.pluginBroker@ModuleFontBackgroundColor": "Black",
  "debugFiles|debugSetting.brokers.pluginBroker@FunctionFontBackgroundColor": "0,0,100",
  "debugFiles|debugSetting.brokers.pluginBroker@MessageFontBackgroundColor": "Black",
  "debugFiles|debugSetting.brokers.pluginBroker@DataFontBackgroundColor": "0,0,100",
  "debugFunctions|debugSetting.brokers.pluginBroker.loadPluginRegistry": false,
  "debugFunctions|debugSetting.brokers.pluginBroker.loadPluginRegistry@ModuleFontStyle": "Default",
  "debugFunctions|debugSetting.brokers.pluginBroker.loadPluginRegistry@FunctionFontStyle": "Default",
  "debugFunctions|debugSetting.brokers.pluginBroker.loadPluginRegistry@MessageFontStyle": "Default",
  "debugFunctions|debugSetting.brokers.pluginBroker.loadPluginRegistry@DataFontStyle": "Default",
  "debugFunctions|debugSetting.brokers.pluginBroker.loadPluginRegistry@ModuleFontColor": "Default",
  "debugFunctions|debugSetting.brokers.pluginBroker.loadPluginRegistry@FunctionFontColor": "Default",
  "debugFunctions|debugSetting.brokers.pluginBroker.loadPluginRegistry@MessageFontColor": "Default",
  "debugFunctions|debugSetting.brokers.pluginBroker.loadPluginRegistry@DataFontColor": "Default",
  "debugFunctions|debugSetting.brokers.pluginBroker.loadPluginRegistry@ModuleFontBackgroundColor": "Default",
  "debugFunctions|debugSetting.brokers.pluginBroker.loadPluginRegistry@FunctionFontBackgroundColor": "Default",
  "debugFunctions|debugSetting.brokers.pluginBroker.loadPluginRegistry@MessageFontBackgroundColor": "Default",
  "debugFunctions|debugSetting.brokers.pluginBroker.loadPluginRegistry@DataFontBackgroundColor": "Default",
  "debugFunctions|debugSetting.brokers.pluginBroker.storePluginRegistryInDataStructure": false,
  "debugFunctions|debugSetting.brokers.pluginBroker.storePluginRegistryInDataStructure@ModuleFontStyle": "Default",
  "debugFunctions|debugSetting.brokers.pluginBroker.storePluginRegistryInDataStructure@FunctionFontStyle": "Default",
  "debugFunctions|debugSetting.brokers.pluginBroker.storePluginRegistryInDataStructure@MessageFontStyle": "Default",
  "debugFunctions|debugSetting.brokers.pluginBroker.storePluginRegistryInDataStructure@DataFontStyle": "Default",
  "debugFunctions|debugSetting.brokers.pluginBroker.storePluginRegistryInDataStructure@ModuleFontColor": "Default",
  "debugFunctions|debugSetting.brokers.pluginBroker.storePluginRegistryInDataStructure@FunctionFontColor": "Default",
  "debugFunctions|debugSetting.brokers.pluginBroker.storePluginRegistryInDataStructure@MessageFontColor": "Default",
  "debugFunctions|debugSetting.brokers.pluginBroker.storePluginRegistryInDataStructure@DataFontColor": "Default",
  "debugFunctions|debugSetting.brokers.pluginBroker.storePluginRegistryInDataStructure@ModuleFontBackgroundColor": "Default",
  "debugFunctions|debugSetting.brokers.pluginBroker.storePluginRegistryInDataStructure@FunctionFontBackgroundColor": "Default",
  "debugFunctions|debugSetting.brokers.pluginBroker.storePluginRegistryInDataStructure@MessageFontBackgroundColor": "Default",
  "debugFunctions|debugSetting.brokers.pluginBroker.storePluginRegistryInDataStructure@DataFontBackgroundColor": "Default",
  "debugFunctions|debugSetting.brokers.pluginBroker.listPluginsInRegistry": false,
  "debugFunctions|debugSetting.brokers.pluginBroker.listPluginsInRegistry@ModuleFontStyle": "Default",
  "debugFunctions|debugSetting.brokers.pluginBroker.listPluginsInRegistry@FunctionFontStyle": "Default",
  "debugFunctions|debugSetting.brokers.pluginBroker.listPluginsInRegistry@MessageFontStyle": "Default",
  "debugFunctions|debugSetting.brokers.pluginBroker.listPluginsInRegistry@DataFontStyle": "Default",
  "debugFunctions|debugSetting.brokers.pluginBroker.listPluginsInRegistry@ModuleFontColor": "Default",
  "debugFunctions|debugSetting.brokers.pluginBroker.listPluginsInRegistry@FunctionFontColor": "Default",
  "debugFunctions|debugSetting.brokers.pluginBroker.listPluginsInRegistry@MessageFontColor": "Default",
  "debugFunctions|debugSetting.brokers.pluginBroker.listPluginsInRegistry@DataFontColor": "Default",
  "debugFunctions|debugSetting.brokers.pluginBroker.listPluginsInRegistry@ModuleFontBackgroundColor": "Default",
  "debugFunctions|debugSetting.brokers.pluginBroker.listPluginsInRegistry@FunctionFontBackgroundColor": "Default",
  "debugFunctions|debugSetting.brokers.pluginBroker.listPluginsInRegistry@MessageFontBackgroundColor": "Default",
  "debugFunctions|debugSetting.brokers.pluginBroker.listPluginsInRegistry@DataFontBackgroundColor": "Default",
  "debugFunctions|debugSetting.brokers.pluginBroker.listPluginsPathsInRegistry": false,
  "debugFunctions|debugSetting.brokers.pluginBroker.listPluginsPathsInRegistry@ModuleFontStyle": "Default",
  "debugFunctions|debugSetting.brokers.pluginBroker.listPluginsPathsInRegistry@FunctionFontStyle": "Default",
  "debugFunctions|debugSetting.brokers.pluginBroker.listPluginsPathsInRegistry@MessageFontStyle": "Default",
  "debugFunctions|debugSetting.brokers.pluginBroker.listPluginsPathsInRegistry@DataFontStyle": "Default",
  "debugFunctions|debugSetting.brokers.pluginBroker.listPluginsPathsInRegistry@ModuleFontColor": "Default",
  "debugFunctions|debugSetting.brokers.pluginBroker.listPluginsPathsInRegistry@FunctionFontColor": "Default",
  "debugFunctions|debugSetting.brokers.pluginBroker.listPluginsPathsInRegistry@MessageFontColor": "Default",
  "debugFunctions|debugSetting.brokers.pluginBroker.listPluginsPathsInRegistry@DataFontColor": "Default",
  "debugFunctions|debugSetting.brokers.pluginBroker.listPluginsPathsInRegistry@ModuleFontBackgroundColor": "Default",
  "debugFunctions|debugSetting.brokers.pluginBroker.listPluginsPathsInRegistry@FunctionFontBackgroundColor": "Default",
  "debugFunctions|debugSetting.brokers.pluginBroker.listPluginsPathsInRegistry@MessageFontBackgroundColor": "Default",
  "debugFunctions|debugSetting.brokers.pluginBroker.listPluginsPathsInRegistry@DataFontBackgroundColor": "Default",
  "debugFunctions|debugSetting.brokers.pluginBroker.listPluginsInRegistryPath": false,
  "debugFunctions|debugSetting.brokers.pluginBroker.listPluginsInRegistryPath@ModuleFontStyle": "Default",
  "debugFunctions|debugSetting.brokers.pluginBroker.listPluginsInRegistryPath@FunctionFontStyle": "Default",
  "debugFunctions|debugSetting.brokers.pluginBroker.listPluginsInRegistryPath@MessageFontStyle": "Default",
  "debugFunctions|debugSetting.brokers.pluginBroker.listPluginsInRegistryPath@DataFontStyle": "Default",
  "debugFunctions|debugSetting.brokers.pluginBroker.listPluginsInRegistryPath@ModuleFontColor": "Default",
  "debugFunctions|debugSetting.brokers.pluginBroker.listPluginsInRegistryPath@FunctionFontColor": "Default",
  "debugFunctions|debugSetting.brokers.pluginBroker.listPluginsInRegistryPath@MessageFontColor": "Default",
  "debugFunctions|debugSetting.brokers.pluginBroker.listPluginsInRegistryPath@DataFontColor": "Default",
  "debugFunctions|debugSetting.brokers.pluginBroker.listPluginsInRegistryPath@ModuleFontBackgroundColor": "Default",
  "debugFunctions|debugSetting.brokers.pluginBroker.listPluginsInRegistryPath@FunctionFontBackgroundColor": "Default",
  "debugFunctions|debugSetting.brokers.pluginBroker.listPluginsInRegistryPath@MessageFontBackgroundColor": "Default",
  "debugFunctions|debugSetting.brokers.pluginBroker.listPluginsInRegistryPath@DataFontBackgroundColor": "Default",
  "debugFunctions|debugSetting.brokers.pluginBroker.countPluginsInRegistry": false,
  "debugFunctions|debugSetting.brokers.pluginBroker.countPluginsInRegistry@ModuleFontStyle": "Default",
  "debugFunctions|debugSetting.brokers.pluginBroker.countPluginsInRegistry@FunctionFontStyle": "Default",
  "debugFunctions|debugSetting.brokers.pluginBroker.countPluginsInRegistry@MessageFontStyle": "Default",
  "debugFunctions|debugSetting.brokers.pluginBroker.countPluginsInRegistry@DataFontStyle": "Default",
  "debugFunctions|debugSetting.brokers.pluginBroker.countPluginsInRegistry@ModuleFontColor": "Default",
  "debugFunctions|debugSetting.brokers.pluginBroker.countPluginsInRegistry@FunctionFontColor": "Default",
  "debugFunctions|debugSetting.brokers.pluginBroker.countPluginsInRegistry@MessageFontColor": "Default",
  "debugFunctions|debugSetting.brokers.pluginBroker.countPluginsInRegistry@DataFontColor": "Default",
  "debugFunctions|debugSetting.brokers.pluginBroker.countPluginsInRegistry@ModuleFontBackgroundColor": "Default",
  "debugFunctions|debugSetting.brokers.pluginBroker.countPluginsInRegistry@FunctionFontBackgroundColor": "Default",
  "debugFunctions|debugSetting.brokers.pluginBroker.countPluginsInRegistry@MessageFontBackgroundColor": "Default",
  "debugFunctions|debugSetting.brokers.pluginBroker.countPluginsInRegistry@DataFontBackgroundColor": "Default",
  "debugFunctions|debugSetting.brokers.pluginBroker.countPluginsInRegistryPath": false,
  "debugFunctions|debugSetting.brokers.pluginBroker.countPluginsInRegistryPath@ModuleFontStyle": "Default",
  "debugFunctions|debugSetting.brokers.pluginBroker.countPluginsInRegistryPath@FunctionFontStyle": "Default",
  "debugFunctions|debugSetting.brokers.pluginBroker.countPluginsInRegistryPath@MessageFontStyle": "Default",
  "debugFunctions|debugSetting.brokers.pluginBroker.countPluginsInRegistryPath@DataFontStyle": "Default",
  "debugFunctions|debugSetting.brokers.pluginBroker.countPluginsInRegistryPath@ModuleFontColor": "Default",
  "debugFunctions|debugSetting.brokers.pluginBroker.countPluginsInRegistryPath@FunctionFontColor": "Default",
  "debugFunctions|debugSetting.brokers.pluginBroker.countPluginsInRegistryPath@MessageFontColor": "Default",
  "debugFunctions|debugSetting.brokers.pluginBroker.countPluginsInRegistryPath@DataFontColor": "Default",
  "debugFunctions|debugSetting.brokers.pluginBroker.countPluginsInRegistryPath@ModuleFontBackgroundColor": "Default",
  "debugFunctions|debugSetting.brokers.pluginBroker.countPluginsInRegistryPath@FunctionFontBackgroundColor": "Default",
  "debugFunctions|debugSetting.brokers.pluginBroker.countPluginsInRegistryPath@MessageFontBackgroundColor": "Default",
  "debugFunctions|debugSetting.brokers.pluginBroker.countPluginsInRegistryPath@DataFontBackgroundColor": "Default",
  "debugFunctions|debugSetting.brokers.pluginBroker.registerPlugin": false,
  "debugFunctions|debugSetting.brokers.pluginBroker.registerPlugin@ModuleFontStyle": "Default",
  "debugFunctions|debugSetting.brokers.pluginBroker.registerPlugin@FunctionFontStyle": "Default",
  "debugFunctions|debugSetting.brokers.pluginBroker.registerPlugin@MessageFontStyle": "Default",
  "debugFunctions|debugSetting.brokers.pluginBroker.registerPlugin@DataFontStyle": "Default",
  "debugFunctions|debugSetting.brokers.pluginBroker.registerPlugin@ModuleFontColor": "Default",
  "debugFunctions|debugSetting.brokers.pluginBroker.registerPlugin@FunctionFontColor": "Default",
  "debugFunctions|debugSetting.brokers.pluginBroker.registerPlugin@MessageFontColor": "Default",
  "debugFunctions|debugSetting.brokers.pluginBroker.registerPlugin@DataFontColor": "Default",
  "debugFunctions|debugSetting.brokers.pluginBroker.registerPlugin@ModuleFontBackgroundColor": "Default",
  "debugFunctions|debugSetting.brokers.pluginBroker.registerPlugin@FunctionFontBackgroundColor": "Default",
  "debugFunctions|debugSetting.brokers.pluginBroker.registerPlugin@MessageFontBackgroundColor": "Default",
  "debugFunctions|debugSetting.brokers.pluginBroker.registerPlugin@DataFontBackgroundColor": "Default",
  "debugFunctions|debugSetting.brokers.pluginBroker.unregisterPlugin": false,
  "debugFunctions|debugSetting.brokers.pluginBroker.unregisterPlugin@ModuleFontStyle": "Default",
  "debugFunctions|debugSetting.brokers.pluginBroker.unregisterPlugin@FunctionFontStyle": "Default",
  "debugFunctions|debugSetting.brokers.pluginBroker.unregisterPlugin@MessageFontStyle": "Default",
  "debugFunctions|debugSetting.brokers.pluginBroker.unregisterPlugin@DataFontStyle": "Default",
  "debugFunctions|debugSetting.brokers.pluginBroker.unregisterPlugin@ModuleFontColor": "Default",
  "debugFunctions|debugSetting.brokers.pluginBroker.unregisterPlugin@FunctionFontColor": "Default",
  "debugFunctions|debugSetting.brokers.pluginBroker.unregisterPlugin@MessageFontColor": "Default",
  "debugFunctions|debugSetting.brokers.pluginBroker.unregisterPlugin@DataFontColor": "Default",
  "debugFunctions|debugSetting.brokers.pluginBroker.unregisterPlugin@ModuleFontBackgroundColor": "Default",
  "debugFunctions|debugSetting.brokers.pluginBroker.unregisterPlugin@FunctionFontBackgroundColor": "Default",
  "debugFunctions|debugSetting.brokers.pluginBroker.unregisterPlugin@MessageFontBackgroundColor": "Default",
  "debugFunctions|debugSetting.brokers.pluginBroker.unregisterPlugin@DataFontBackgroundColor": "Default",
  "debugFunctions|debugSetting.brokers.pluginBroker.syncPluginRegistryWithPluginRegistryPath": false,
  "debugFunctions|debugSetting.brokers.pluginBroker.syncPluginRegistryWithPluginRegistryPath@ModuleFontStyle": "Default",
  "debugFunctions|debugSetting.brokers.pluginBroker.syncPluginRegistryWithPluginRegistryPath@FunctionFontStyle": "Default",
  "debugFunctions|debugSetting.brokers.pluginBroker.syncPluginRegistryWithPluginRegistryPath@MessageFontStyle": "Default",
  "debugFunctions|debugSetting.brokers.pluginBroker.syncPluginRegistryWithPluginRegistryPath@DataFontStyle": "Default",
  "debugFunctions|debugSetting.brokers.pluginBroker.syncPluginRegistryWithPluginRegistryPath@ModuleFontColor": "Default",
  "debugFunctions|debugSetting.brokers.pluginBroker.syncPluginRegistryWithPluginRegistryPath@FunctionFontColor": "Default",
  "debugFunctions|debugSetting.brokers.pluginBroker.syncPluginRegistryWithPluginRegistryPath@MessageFontColor": "Default",
  "debugFunctions|debugSetting.brokers.pluginBroker.syncPluginRegistryWithPluginRegistryPath@DataFontColor": "Default",
  "debugFunctions|debugSetting.brokers.pluginBroker.syncPluginRegistryWithPluginRegistryPath@ModuleFontBackgroundColor": "Default",
  "debugFunctions|debugSetting.brokers.pluginBroker.syncPluginRegistryWithPluginRegistryPath@FunctionFontBackgroundColor": "Default",
  "debugFunctions|debugSetting.brokers.pluginBroker.syncPluginRegistryWithPluginRegistryPath@MessageFontBackgroundColor": "Default",
  "debugFunctions|debugSetting.brokers.pluginBroker.syncPluginRegistryWithPluginRegistryPath@DataFontBackgroundColor": "Default",
  "debugFunctions|debugSetting.brokers.pluginBroker.unregisterAllPlugins": false,
  "debugFunctions|debugSetting.brokers.pluginBroker.unregisterAllPlugins@ModuleFontStyle": "Default",
  "debugFunctions|debugSetting.brokers.pluginBroker.unregisterAllPlugins@FunctionFontStyle": "Default",
  "debugFunctions|debugSetting.brokers.pluginBroker.unregisterAllPlugins@MessageFontStyle": "Default",
  "debugFunctions|debugSetting.brokers.pluginBroker.unregisterAllPlugins@DataFontStyle": "Default",
  "debugFunctions|debugSetting.brokers.pluginBroker.unregisterAllPlugins@ModuleFontColor": "Default",
  "debugFunctions|debugSetting.brokers.pluginBroker.unregisterAllPlugins@FunctionFontColor": "Default",
  "debugFunctions|debugSetting.brokers.pluginBroker.unregisterAllPlugins@MessageFontColor": "Default",
  "debugFunctions|debugSetting.brokers.pluginBroker.unregisterAllPlugins@DataFontColor": "Default",
  "debugFunctions|debugSetting.brokers.pluginBroker.unregisterAllPlugins@ModuleFontBackgroundColor": "Default",
  "debugFunctions|debugSetting.brokers.pluginBroker.unregisterAllPlugins@FunctionFontBackgroundColor": "Default",
  "debugFunctions|debugSetting.brokers.pluginBroker.unregisterAllPlugins@MessageFontBackgroundColor": "Default",
  "debugFunctions|debugSetting.brokers.pluginBroker.unregisterAllPlugins@DataFontBackgroundColor": "Default",
  "debugFunctions|debugSetting.brokers.pluginBroker.savePluginRegistry": false,
  "debugFunctions|debugSetting.brokers.pluginBroker.savePluginRegistry@ModuleFontStyle": "Default",
  "debugFunctions|debugSetting.brokers.pluginBroker.savePluginRegistry@FunctionFontStyle": "Default",
  "debugFunctions|debugSetting.brokers.pluginBroker.savePluginRegistry@MessageFontStyle": "Default",
  "debugFunctions|debugSetting.brokers.pluginBroker.savePluginRegistry@DataFontStyle": "Default",
  "debugFunctions|debugSetting.brokers.pluginBroker.savePluginRegistry@ModuleFontColor": "Default",
  "debugFunctions|debugSetting.brokers.pluginBroker.savePluginRegistry@FunctionFontColor": "Default",
  "debugFunctions|debugSetting.brokers.pluginBroker.savePluginRegistry@MessageFontColor": "Default",
  "debugFunctions|debugSetting.brokers.pluginBroker.savePluginRegistry@DataFontColor": "Default",
  "debugFunctions|debugSetting.brokers.pluginBroker.savePluginRegistry@ModuleFontBackgroundColor": "Default",
  "debugFunctions|debugSetting.brokers.pluginBroker.savePluginRegistry@FunctionFontBackgroundColor": "Default",
  "debugFunctions|debugSetting.brokers.pluginBroker.savePluginRegistry@MessageFontBackgroundColor": "Default",
  "debugFunctions|debugSetting.brokers.pluginBroker.savePluginRegistry@DataFontBackgroundColor": "Default",
  "debugFunctions|debugSetting.brokers.pluginBroker.loadPluginMetaData": false,
  "debugFunctions|debugSetting.brokers.pluginBroker.loadPluginMetaData@ModuleFontStyle": "Default",
  "debugFunctions|debugSetting.brokers.pluginBroker.loadPluginMetaData@FunctionFontStyle": "Default",
  "debugFunctions|debugSetting.brokers.pluginBroker.loadPluginMetaData@MessageFontStyle": "Default",
  "debugFunctions|debugSetting.brokers.pluginBroker.loadPluginMetaData@DataFontStyle": "Default",
  "debugFunctions|debugSetting.brokers.pluginBroker.loadPluginMetaData@ModuleFontColor": "Default",
  "debugFunctions|debugSetting.brokers.pluginBroker.loadPluginMetaData@FunctionFontColor": "Default",
  "debugFunctions|debugSetting.brokers.pluginBroker.loadPluginMetaData@MessageFontColor": "Default",
  "debugFunctions|debugSetting.brokers.pluginBroker.loadPluginMetaData@DataFontColor": "Default",
  "debugFunctions|debugSetting.brokers.pluginBroker.loadPluginMetaData@ModuleFontBackgroundColor": "Default",
  "debugFunctions|debugSetting.brokers.pluginBroker.loadPluginMetaData@FunctionFontBackgroundColor": "Default",
  "debugFunctions|debugSetting.brokers.pluginBroker.loadPluginMetaData@MessageFontBackgroundColor": "Default",
  "debugFunctions|debugSetting.brokers.pluginBroker.loadPluginMetaData@DataFontBackgroundColor": "Default",
  "debugFunctions|debugSetting.brokers.pluginBroker.extractAndProcessPluginEntryPointURI": false,
  "debugFunctions|debugSetting.brokers.pluginBroker.extractAndProcessPluginEntryPointURI@ModuleFontStyle": "Default",
  "debugFunctions|debugSetting.brokers.pluginBroker.extractAndProcessPluginEntryPointURI@FunctionFontStyle": "Default",
  "debugFunctions|debugSetting.brokers.pluginBroker.extractAndProcessPluginEntryPointURI@MessageFontStyle": "Default",
  "debugFunctions|debugSetting.brokers.pluginBroker.extractAndProcessPluginEntryPointURI@DataFontStyle": "Default",
  "debugFunctions|debugSetting.brokers.pluginBroker.extractAndProcessPluginEntryPointURI@ModuleFontColor": "Default",
  "debugFunctions|debugSetting.brokers.pluginBroker.extractAndProcessPluginEntryPointURI@FunctionFontColor": "Default",
  "debugFunctions|debugSetting.brokers.pluginBroker.extractAndProcessPluginEntryPointURI@MessageFontColor": "Default",
  "debugFunctions|debugSetting.brokers.pluginBroker.extractAndProcessPluginEntryPointURI@DataFontColor": "Default",
  "debugFunctions|debugSetting.brokers.pluginBroker.extractAndProcessPluginEntryPointURI@ModuleFontBackgroundColor": "Default",
  "debugFunctions|debugSetting.brokers.pluginBroker.extractAndProcessPluginEntryPointURI@FunctionFontBackgroundColor": "Default",
  "debugFunctions|debugSetting.brokers.pluginBroker.extractAndProcessPluginEntryPointURI@MessageFontBackgroundColor": "Default",
  "debugFunctions|debugSetting.brokers.pluginBroker.extractAndProcessPluginEntryPointURI@DataFontBackgroundColor": "Default",
  "debugFunctions|debugSetting.brokers.pluginBroker.loadPlugin": false,
  "debugFunctions|debugSetting.brokers.pluginBroker.loadPlugin@ModuleFontStyle": "Default",
  "debugFunctions|debugSetting.brokers.pluginBroker.loadPlugin@FunctionFontStyle": "Default",
  "debugFunctions|debugSetting.brokers.pluginBroker.loadPlugin@MessageFontStyle": "Default",
  "debugFunctions|debugSetting.brokers.pluginBroker.loadPlugin@DataFontStyle": "Default",
  "debugFunctions|debugSetting.brokers.pluginBroker.loadPlugin@ModuleFontColor": "Default",
  "debugFunctions|debugSetting.brokers.pluginBroker.loadPlugin@FunctionFontColor": "Default",
  "debugFunctions|debugSetting.brokers.pluginBroker.loadPlugin@MessageFontColor": "Default",
  "debugFunctions|debugSetting.brokers.pluginBroker.loadPlugin@DataFontColor": "Default",
  "debugFunctions|debugSetting.brokers.pluginBroker.loadPlugin@ModuleFontBackgroundColor": "Default",
  "debugFunctions|debugSetting.brokers.pluginBroker.loadPlugin@FunctionFontBackgroundColor": "Default",
  "debugFunctions|debugSetting.brokers.pluginBroker.loadPlugin@MessageFontBackgroundColor": "Default",
  "debugFunctions|debugSetting.brokers.pluginBroker.loadPlugin@DataFontBackgroundColor": "Default",
  "debugFunctions|debugSetting.brokers.pluginBroker.integratePluginBusinessRules": false,
  "debugFunctions|debugSetting.brokers.pluginBroker.integratePluginBusinessRules@ModuleFontStyle": "Default",
  "debugFunctions|debugSetting.brokers.pluginBroker.integratePluginBusinessRules@FunctionFontStyle": "Default",
  "debugFunctions|debugSetting.brokers.pluginBroker.integratePluginBusinessRules@MessageFontStyle": "Default",
  "debugFunctions|debugSetting.brokers.pluginBroker.integratePluginBusinessRules@DataFontStyle": "Default",
  "debugFunctions|debugSetting.brokers.pluginBroker.integratePluginBusinessRules@ModuleFontColor": "Default",
  "debugFunctions|debugSetting.brokers.pluginBroker.integratePluginBusinessRules@FunctionFontColor": "Default",
  "debugFunctions|debugSetting.brokers.pluginBroker.integratePluginBusinessRules@MessageFontColor": "Default",
  "debugFunctions|debugSetting.brokers.pluginBroker.integratePluginBusinessRules@DataFontColor": "Default",
  "debugFunctions|debugSetting.brokers.pluginBroker.integratePluginBusinessRules@ModuleFontBackgroundColor": "Default",
  "debugFunctions|debugSetting.brokers.pluginBroker.integratePluginBusinessRules@FunctionFontBackgroundColor": "Default",
  "debugFunctions|debugSetting.brokers.pluginBroker.integratePluginBusinessRules@MessageFontBackgroundColor": "Default",
  "debugFunctions|debugSetting.brokers.pluginBroker.integratePluginBusinessRules@DataFontBackgroundColor": "Default",
  "debugFunctions|debugSetting.brokers.pluginBroker.integratePluginCommands": false,
  "debugFunctions|debugSetting.brokers.pluginBroker.integratePluginCommands@ModuleFontStyle": "Default",
  "debugFunctions|debugSetting.brokers.pluginBroker.integratePluginCommands@FunctionFontStyle": "Default",
  "debugFunctions|debugSetting.brokers.pluginBroker.integratePluginCommands@MessageFontStyle": "Default",
  "debugFunctions|debugSetting.brokers.pluginBroker.integratePluginCommands@DataFontStyle": "Default",
  "debugFunctions|debugSetting.brokers.pluginBroker.integratePluginCommands@ModuleFontColor": "Default",
  "debugFunctions|debugSetting.brokers.pluginBroker.integratePluginCommands@FunctionFontColor": "Default",
  "debugFunctions|debugSetting.brokers.pluginBroker.integratePluginCommands@MessageFontColor": "Default",
  "debugFunctions|debugSetting.brokers.pluginBroker.integratePluginCommands@DataFontColor": "Default",
  "debugFunctions|debugSetting.brokers.pluginBroker.integratePluginCommands@ModuleFontBackgroundColor": "Default",
  "debugFunctions|debugSetting.brokers.pluginBroker.integratePluginCommands@FunctionFontBackgroundColor": "Default",
  "debugFunctions|debugSetting.brokers.pluginBroker.integratePluginCommands@MessageFontBackgroundColor": "Default",
  "debugFunctions|debugSetting.brokers.pluginBroker.integratePluginCommands@DataFontBackgroundColor": "Default",
  "debugFunctions|debugSetting.brokers.pluginBroker.integratePluginConfigurationData": false,
  "debugFunctions|debugSetting.brokers.pluginBroker.integratePluginConfigurationData@ModuleFontStyle": "Default",
  "debugFunctions|debugSetting.brokers.pluginBroker.integratePluginConfigurationData@FunctionFontStyle": "Default",
  "debugFunctions|debugSetting.brokers.pluginBroker.integratePluginConfigurationData@MessageFontStyle": "Default",
  "debugFunctions|debugSetting.brokers.pluginBroker.integratePluginConfigurationData@DataFontStyle": "Default",
  "debugFunctions|debugSetting.brokers.pluginBroker.integratePluginConfigurationData@ModuleFontColor": "Default",
  "debugFunctions|debugSetting.brokers.pluginBroker.integratePluginConfigurationData@FunctionFontColor": "Default",
  "debugFunctions|debugSetting.brokers.pluginBroker.integratePluginConfigurationData@MessageFontColor": "Default",
  "debugFunctions|debugSetting.brokers.pluginBroker.integratePluginConfigurationData@DataFontColor": "Default",
  "debugFunctions|debugSetting.brokers.pluginBroker.integratePluginConfigurationData@ModuleFontBackgroundColor": "Default",
  "debugFunctions|debugSetting.brokers.pluginBroker.integratePluginConfigurationData@FunctionFontBackgroundColor": "Default",
  "debugFunctions|debugSetting.brokers.pluginBroker.integratePluginConfigurationData@MessageFontBackgroundColor": "Default",
  "debugFunctions|debugSetting.brokers.pluginBroker.integratePluginConfigurationData@DataFontBackgroundColor": "Default",
  "debugFunctions|debugSetting.brokers.pluginBroker.integratePluginCommandAliases": false,
  "debugFunctions|debugSetting.brokers.pluginBroker.integratePluginCommandAliases@ModuleFontStyle": "Default",
  "debugFunctions|debugSetting.brokers.pluginBroker.integratePluginCommandAliases@FunctionFontStyle": "Default",
  "debugFunctions|debugSetting.brokers.pluginBroker.integratePluginCommandAliases@MessageFontStyle": "Default",
  "debugFunctions|debugSetting.brokers.pluginBroker.integratePluginCommandAliases@DataFontStyle": "Default",
  "debugFunctions|debugSetting.brokers.pluginBroker.integratePluginCommandAliases@ModuleFontColor": "Default",
  "debugFunctions|debugSetting.brokers.pluginBroker.integratePluginCommandAliases@FunctionFontColor": "Default",
  "debugFunctions|debugSetting.brokers.pluginBroker.integratePluginCommandAliases@MessageFontColor": "Default",
  "debugFunctions|debugSetting.brokers.pluginBroker.integratePluginCommandAliases@DataFontColor": "Default",
  "debugFunctions|debugSetting.brokers.pluginBroker.integratePluginCommandAliases@ModuleFontBackgroundColor": "Default",
  "debugFunctions|debugSetting.brokers.pluginBroker.integratePluginCommandAliases@FunctionFontBackgroundColor": "Default",
  "debugFunctions|debugSetting.brokers.pluginBroker.integratePluginCommandAliases@MessageFontBackgroundColor": "Default",
  "debugFunctions|debugSetting.brokers.pluginBroker.integratePluginCommandAliases@DataFontBackgroundColor": "Default",
  "debugFunctions|debugSetting.brokers.pluginBroker.integratePluginWorkflows": false,
  "debugFunctions|debugSetting.brokers.pluginBroker.integratePluginWorkflows@ModuleFontStyle": "Default",
  "debugFunctions|debugSetting.brokers.pluginBroker.integratePluginWorkflows@FunctionFontStyle": "Default",
  "debugFunctions|debugSetting.brokers.pluginBroker.integratePluginWorkflows@MessageFontStyle": "Default",
  "debugFunctions|debugSetting.brokers.pluginBroker.integratePluginWorkflows@DataFontStyle": "Default",
  "debugFunctions|debugSetting.brokers.pluginBroker.integratePluginWorkflows@ModuleFontColor": "Default",
  "debugFunctions|debugSetting.brokers.pluginBroker.integratePluginWorkflows@FunctionFontColor": "Default",
  "debugFunctions|debugSetting.brokers.pluginBroker.integratePluginWorkflows@MessageFontColor": "Default",
  "debugFunctions|debugSetting.brokers.pluginBroker.integratePluginWorkflows@DataFontColor": "Default",
  "debugFunctions|debugSetting.brokers.pluginBroker.integratePluginWorkflows@ModuleFontBackgroundColor": "Default",
  "debugFunctions|debugSetting.brokers.pluginBroker.integratePluginWorkflows@FunctionFontBackgroundColor": "Default",
  "debugFunctions|debugSetting.brokers.pluginBroker.integratePluginWorkflows@MessageFontBackgroundColor": "Default",
  "debugFunctions|debugSetting.brokers.pluginBroker.integratePluginWorkflows@DataFontBackgroundColor": "Default",
  "debugFunctions|debugSetting.brokers.pluginBroker.integratePluginConstantsValidation": false,
  "debugFunctions|debugSetting.brokers.pluginBroker.integratePluginConstantsValidation@ModuleFontStyle": "Default",
  "debugFunctions|debugSetting.brokers.pluginBroker.integratePluginConstantsValidation@FunctionFontStyle": "Default",
  "debugFunctions|debugSetting.brokers.pluginBroker.integratePluginConstantsValidation@MessageFontStyle": "Default",
  "debugFunctions|debugSetting.brokers.pluginBroker.integratePluginConstantsValidation@DataFontStyle": "Default",
  "debugFunctions|debugSetting.brokers.pluginBroker.integratePluginConstantsValidation@ModuleFontColor": "Default",
  "debugFunctions|debugSetting.brokers.pluginBroker.integratePluginConstantsValidation@FunctionFontColor": "Default",
  "debugFunctions|debugSetting.brokers.pluginBroker.integratePluginConstantsValidation@MessageFontColor": "Default",
  "debugFunctions|debugSetting.brokers.pluginBroker.integratePluginConstantsValidation@DataFontColor": "Default",
  "debugFunctions|debugSetting.brokers.pluginBroker.integratePluginConstantsValidation@ModuleFontBackgroundColor": "Default",
  "debugFunctions|debugSetting.brokers.pluginBroker.integratePluginConstantsValidation@FunctionFontBackgroundColor": "Default",
  "debugFunctions|debugSetting.brokers.pluginBroker.integratePluginConstantsValidation@MessageFontBackgroundColor": "Default",
  "debugFunctions|debugSetting.brokers.pluginBroker.integratePluginConstantsValidation@DataFontBackgroundColor": "Default",
  "debugFunctions|debugSetting.brokers.pluginBroker.integratePluginThemeData": false,
  "debugFunctions|debugSetting.brokers.pluginBroker.integratePluginThemeData@ModuleFontStyle": "Default",
  "debugFunctions|debugSetting.brokers.pluginBroker.integratePluginThemeData@FunctionFontStyle": "Default",
  "debugFunctions|debugSetting.brokers.pluginBroker.integratePluginThemeData@MessageFontStyle": "Default",
  "debugFunctions|debugSetting.brokers.pluginBroker.integratePluginThemeData@DataFontStyle": "Default",
  "debugFunctions|debugSetting.brokers.pluginBroker.integratePluginThemeData@ModuleFontColor": "Default",
  "debugFunctions|debugSetting.brokers.pluginBroker.integratePluginThemeData@FunctionFontColor": "Default",
  "debugFunctions|debugSetting.brokers.pluginBroker.integratePluginThemeData@MessageFontColor": "Default",
  "debugFunctions|debugSetting.brokers.pluginBroker.integratePluginThemeData@DataFontColor": "Default",
  "debugFunctions|debugSetting.brokers.pluginBroker.integratePluginThemeData@ModuleFontBackgroundColor": "Default",
  "debugFunctions|debugSetting.brokers.pluginBroker.integratePluginThemeData@FunctionFontBackgroundColor": "Default",
  "debugFunctions|debugSetting.brokers.pluginBroker.integratePluginThemeData@MessageFontBackgroundColor": "Default",
  "debugFunctions|debugSetting.brokers.pluginBroker.integratePluginThemeData@DataFontBackgroundColor": "Default"
}