{
  "debugFiles|debugSetting.controllers.warden": false,
  "debugFiles|debugSetting.controllers.warden@ModuleFontStyle": "Bold|Underline",
  "debugFiles|debugSetting.controllers.warden@FunctionFontStyle": "Bold|Underline",
  "debugFiles|debugSetting.controllers.warden@MessageFontStyle": "Underline",
  "debugFiles|debugSetting.controllers.warden@DataFontStyle": "Bold",
  "debugFiles|debugSetting.controllers.warden@ModuleFontColor": "137,207,240",
  "debugFiles|debugSetting.controllers.warden@FunctionFontColor": "0,183,235",
  "debugFiles|debugSetting.controllers.warden@MessageFontColor": "137,207,240",
  "debugFiles|debugSetting.controllers.warden@DataFontColor": "0,183,235",
  "debugFiles|debugSetting.controllers.warden@ModuleFontBackgroundColor": "0,114,187",
  "debugFiles|debugSetting.controllers.warden@FunctionFontBackgroundColor": "Black",
  "debugFiles|debugSetting.controllers.warden@MessageFontBackgroundColor": "0,114,187",
  "debugFiles|debugSetting.controllers.warden@DataFontBackgroundColor": "Black",
  "debugFunctions|debugSetting.controllers.warden.initFrameworkSchema": false,
  "debugFunctions|debugSetting.controllers.warden.initFrameworkSchema@ModuleFontStyle": "Default",
  "debugFunctions|debugSetting.controllers.warden.initFrameworkSchema@FunctionFontStyle": "Default",
  "debugFunctions|debugSetting.controllers.warden.initFrameworkSchema@MessageFontStyle": "Default",
  "debugFunctions|debugSetting.controllers.warden.initFrameworkSchema@DataFontStyle": "Default",
  "debugFunctions|debugSetting.controllers.warden.initFrameworkSchema@ModuleFontColor": "Default",
  "debugFunctions|debugSetting.controllers.warden.initFrameworkSchema@FunctionFontColor": "Default",
  "debugFunctions|debugSetting.controllers.warden.initFrameworkSchema@MessageFontColor": "Default",
  "debugFunctions|debugSetting.controllers.warden.initFrameworkSchema@DataFontColor": "Default",
  "debugFunctions|debugSetting.controllers.warden.initFrameworkSchema@ModuleFontBackgroundColor": "Default",
  "debugFunctions|debugSetting.controllers.warden.initFrameworkSchema@FunctionFontBackgroundColor": "Default",
  "debugFunctions|debugSetting.controllers.warden.initFrameworkSchema@MessageFontBackgroundColor": "Default",
  "debugFunctions|debugSetting.controllers.warden.initFrameworkSchema@DataFontBackgroundColor": "Default",
  "debugFunctions|debugSetting.controllers.warden.mergeClientBusinessRules": false,
  "debugFunctions|debugSetting.controllers.warden.mergeClientBusinessRules@ModuleFontStyle": "Default",
  "debugFunctions|debugSetting.controllers.warden.mergeClientBusinessRules@FunctionFontStyle": "Default",
  "debugFunctions|debugSetting.controllers.warden.mergeClientBusinessRules@MessageFontStyle": "Default",
  "debugFunctions|debugSetting.controllers.warden.mergeClientBusinessRules@DataFontStyle": "Default",
  "debugFunctions|debugSetting.controllers.warden.mergeClientBusinessRules@ModuleFontColor": "Default",
  "debugFunctions|debugSetting.controllers.warden.mergeClientBusinessRules@FunctionFontColor": "Default",
  "debugFunctions|debugSetting.controllers.warden.mergeClientBusinessRules@MessageFontColor": "Default",
  "debugFunctions|debugSetting.controllers.warden.mergeClientBusinessRules@DataFontColor": "Default",
  "debugFunctions|debugSetting.controllers.warden.mergeClientBusinessRules@ModuleFontBackgroundColor": "Default",
  "debugFunctions|debugSetting.controllers.warden.mergeClientBusinessRules@FunctionFontBackgroundColor": "Default",
  "debugFunctions|debugSetting.controllers.warden.mergeClientBusinessRules@MessageFontBackgroundColor": "Default",
  "debugFunctions|debugSetting.controllers.warden.mergeClientBusinessRules@DataFontBackgroundColor": "Default",
  "debugFunctions|debugSetting.controllers.warden.mergeClientCommands": false,
  "debugFunctions|debugSetting.controllers.warden.mergeClientCommands@ModuleFontStyle": "Default",
  "debugFunctions|debugSetting.controllers.warden.mergeClientCommands@FunctionFontStyle": "Default",
  "debugFunctions|debugSetting.controllers.warden.mergeClientCommands@MessageFontStyle": "Default",
  "debugFunctions|debugSetting.controllers.warden.mergeClientCommands@DataFontStyle": "Default",
  "debugFunctions|debugSetting.controllers.warden.mergeClientCommands@ModuleFontColor": "Default",
  "debugFunctions|debugSetting.controllers.warden.mergeClientCommands@FunctionFontColor": "Default",
  "debugFunctions|debugSetting.controllers.warden.mergeClientCommands@MessageFontColor": "Default",
  "debugFunctions|debugSetting.controllers.warden.mergeClientCommands@DataFontColor": "Default",
  "debugFunctions|debugSetting.controllers.warden.mergeClientCommands@ModuleFontBackgroundColor": "Default",
  "debugFunctions|debugSetting.controllers.warden.mergeClientCommands@FunctionFontBackgroundColor": "Default",
  "debugFunctions|debugSetting.controllers.warden.mergeClientCommands@MessageFontBackgroundColor": "Default",
  "debugFunctions|debugSetting.controllers.warden.mergeClientCommands@DataFontBackgroundColor": "Default",
  "debugFunctions|debugSetting.controllers.warden.loadCommandAliases": false,
  "debugFunctions|debugSetting.controllers.warden.loadCommandAliases@ModuleFontStyle": "Default",
  "debugFunctions|debugSetting.controllers.warden.loadCommandAliases@FunctionFontStyle": "Default",
  "debugFunctions|debugSetting.controllers.warden.loadCommandAliases@MessageFontStyle": "Default",
  "debugFunctions|debugSetting.controllers.warden.loadCommandAliases@DataFontStyle": "Default",
  "debugFunctions|debugSetting.controllers.warden.loadCommandAliases@ModuleFontColor": "Default",
  "debugFunctions|debugSetting.controllers.warden.loadCommandAliases@FunctionFontColor": "Default",
  "debugFunctions|debugSetting.controllers.warden.loadCommandAliases@MessageFontColor": "Default",
  "debugFunctions|debugSetting.controllers.warden.loadCommandAliases@DataFontColor": "Default",
  "debugFunctions|debugSetting.controllers.warden.loadCommandAliases@ModuleFontBackgroundColor": "Default",
  "debugFunctions|debugSetting.controllers.warden.loadCommandAliases@FunctionFontBackgroundColor": "Default",
  "debugFunctions|debugSetting.controllers.warden.loadCommandAliases@MessageFontBackgroundColor": "Default",
  "debugFunctions|debugSetting.controllers.warden.loadCommandAliases@DataFontBackgroundColor": "Default",
  "debugFunctions|debugSetting.controllers.warden.loadCommandWorkflows": false,
  "debugFunctions|debugSetting.controllers.warden.loadCommandWorkflows@ModuleFontStyle": "Default",
  "debugFunctions|debugSetting.controllers.warden.loadCommandWorkflows@FunctionFontStyle": "Default",
  "debugFunctions|debugSetting.controllers.warden.loadCommandWorkflows@MessageFontStyle": "Default",
  "debugFunctions|debugSetting.controllers.warden.loadCommandWorkflows@DataFontStyle": "Default",
  "debugFunctions|debugSetting.controllers.warden.loadCommandWorkflows@ModuleFontColor": "Default",
  "debugFunctions|debugSetting.controllers.warden.loadCommandWorkflows@FunctionFontColor": "Default",
  "debugFunctions|debugSetting.controllers.warden.loadCommandWorkflows@MessageFontColor": "Default",
  "debugFunctions|debugSetting.controllers.warden.loadCommandWorkflows@DataFontColor": "Default",
  "debugFunctions|debugSetting.controllers.warden.loadCommandWorkflows@ModuleFontBackgroundColor": "Default",
  "debugFunctions|debugSetting.controllers.warden.loadCommandWorkflows@FunctionFontBackgroundColor": "Default",
  "debugFunctions|debugSetting.controllers.warden.loadCommandWorkflows@MessageFontBackgroundColor": "Default",
  "debugFunctions|debugSetting.controllers.warden.loadCommandWorkflows@DataFontBackgroundColor": "Default",
  "debugFunctions|debugSetting.controllers.warden.listAllPluginsInRegistry": false,
  "debugFunctions|debugSetting.controllers.warden.listAllPluginsInRegistry@ModuleFontStyle": "Default",
  "debugFunctions|debugSetting.controllers.warden.listAllPluginsInRegistry@FunctionFontStyle": "Default",
  "debugFunctions|debugSetting.controllers.warden.listAllPluginsInRegistry@MessageFontStyle": "Default",
  "debugFunctions|debugSetting.controllers.warden.listAllPluginsInRegistry@DataFontStyle": "Default",
  "debugFunctions|debugSetting.controllers.warden.listAllPluginsInRegistry@ModuleFontColor": "Default",
  "debugFunctions|debugSetting.controllers.warden.listAllPluginsInRegistry@FunctionFontColor": "Default",
  "debugFunctions|debugSetting.controllers.warden.listAllPluginsInRegistry@MessageFontColor": "Default",
  "debugFunctions|debugSetting.controllers.warden.listAllPluginsInRegistry@DataFontColor": "Default",
  "debugFunctions|debugSetting.controllers.warden.listAllPluginsInRegistry@ModuleFontBackgroundColor": "Default",
  "debugFunctions|debugSetting.controllers.warden.listAllPluginsInRegistry@FunctionFontBackgroundColor": "Default",
  "debugFunctions|debugSetting.controllers.warden.listAllPluginsInRegistry@MessageFontBackgroundColor": "Default",
  "debugFunctions|debugSetting.controllers.warden.listAllPluginsInRegistry@DataFontBackgroundColor": "Default",
  "debugFunctions|debugSetting.controllers.warden.listAllPluginsInRegistryPath": true,
  "debugFunctions|debugSetting.controllers.warden.listAllPluginsInRegistryPath@ModuleFontStyle": "Default",
  "debugFunctions|debugSetting.controllers.warden.listAllPluginsInRegistryPath@FunctionFontStyle": "Default",
  "debugFunctions|debugSetting.controllers.warden.listAllPluginsInRegistryPath@MessageFontStyle": "Default",
  "debugFunctions|debugSetting.controllers.warden.listAllPluginsInRegistryPath@DataFontStyle": "Default",
  "debugFunctions|debugSetting.controllers.warden.listAllPluginsInRegistryPath@ModuleFontColor": "Default",
  "debugFunctions|debugSetting.controllers.warden.listAllPluginsInRegistryPath@FunctionFontColor": "Default",
  "debugFunctions|debugSetting.controllers.warden.listAllPluginsInRegistryPath@MessageFontColor": "Default",
  "debugFunctions|debugSetting.controllers.warden.listAllPluginsInRegistryPath@DataFontColor": "Default",
  "debugFunctions|debugSetting.controllers.warden.listAllPluginsInRegistryPath@ModuleFontBackgroundColor": "Default",
  "debugFunctions|debugSetting.controllers.warden.listAllPluginsInRegistryPath@FunctionFontBackgroundColor": "Default",
  "debugFunctions|debugSetting.controllers.warden.listAllPluginsInRegistryPath@MessageFontBackgroundColor": "Default",
  "debugFunctions|debugSetting.controllers.warden.listAllPluginsInRegistryPath@DataFontBackgroundColor": "Default",
  "debugFunctions|debugSetting.controllers.warden.numberOfPluginsInRegistry": true,
  "debugFunctions|debugSetting.controllers.warden.numberOfPluginsInRegistry@ModuleFontStyle": "Default",
  "debugFunctions|debugSetting.controllers.warden.numberOfPluginsInRegistry@FunctionFontStyle": "Default",
  "debugFunctions|debugSetting.controllers.warden.numberOfPluginsInRegistry@MessageFontStyle": "Default",
  "debugFunctions|debugSetting.controllers.warden.numberOfPluginsInRegistry@DataFontStyle": "Default",
  "debugFunctions|debugSetting.controllers.warden.numberOfPluginsInRegistry@ModuleFontColor": "Default",
  "debugFunctions|debugSetting.controllers.warden.numberOfPluginsInRegistry@FunctionFontColor": "Default",
  "debugFunctions|debugSetting.controllers.warden.numberOfPluginsInRegistry@MessageFontColor": "Default",
  "debugFunctions|debugSetting.controllers.warden.numberOfPluginsInRegistry@DataFontColor": "Default",
  "debugFunctions|debugSetting.controllers.warden.numberOfPluginsInRegistry@ModuleFontBackgroundColor": "Default",
  "debugFunctions|debugSetting.controllers.warden.numberOfPluginsInRegistry@FunctionFontBackgroundColor": "Default",
  "debugFunctions|debugSetting.controllers.warden.numberOfPluginsInRegistry@MessageFontBackgroundColor": "Default",
  "debugFunctions|debugSetting.controllers.warden.numberOfPluginsInRegistry@DataFontBackgroundColor": "Default",
  "debugFunctions|debugSetting.controllers.warden.numberOfPluginsInRegistryPath": true,
  "debugFunctions|debugSetting.controllers.warden.numberOfPluginsInRegistryPath@ModuleFontStyle": "Default",
  "debugFunctions|debugSetting.controllers.warden.numberOfPluginsInRegistryPath@FunctionFontStyle": "Default",
  "debugFunctions|debugSetting.controllers.warden.numberOfPluginsInRegistryPath@MessageFontStyle": "Default",
  "debugFunctions|debugSetting.controllers.warden.numberOfPluginsInRegistryPath@DataFontStyle": "Default",
  "debugFunctions|debugSetting.controllers.warden.numberOfPluginsInRegistryPath@ModuleFontColor": "Default",
  "debugFunctions|debugSetting.controllers.warden.numberOfPluginsInRegistryPath@FunctionFontColor": "Default",
  "debugFunctions|debugSetting.controllers.warden.numberOfPluginsInRegistryPath@MessageFontColor": "Default",
  "debugFunctions|debugSetting.controllers.warden.numberOfPluginsInRegistryPath@DataFontColor": "Default",
  "debugFunctions|debugSetting.controllers.warden.numberOfPluginsInRegistryPath@ModuleFontBackgroundColor": "Default",
  "debugFunctions|debugSetting.controllers.warden.numberOfPluginsInRegistryPath@FunctionFontBackgroundColor": "Default",
  "debugFunctions|debugSetting.controllers.warden.numberOfPluginsInRegistryPath@MessageFontBackgroundColor": "Default",
  "debugFunctions|debugSetting.controllers.warden.numberOfPluginsInRegistryPath@DataFontBackgroundColor": "Default",
  "debugFunctions|debugSetting.controllers.warden.registerPluginByNameAndPath": true,
  "debugFunctions|debugSetting.controllers.warden.registerPluginByNameAndPath@ModuleFontStyle": "Default",
  "debugFunctions|debugSetting.controllers.warden.registerPluginByNameAndPath@FunctionFontStyle": "Default",
  "debugFunctions|debugSetting.controllers.warden.registerPluginByNameAndPath@MessageFontStyle": "Default",
  "debugFunctions|debugSetting.controllers.warden.registerPluginByNameAndPath@DataFontStyle": "Default",
  "debugFunctions|debugSetting.controllers.warden.registerPluginByNameAndPath@ModuleFontColor": "Default",
  "debugFunctions|debugSetting.controllers.warden.registerPluginByNameAndPath@FunctionFontColor": "Default",
  "debugFunctions|debugSetting.controllers.warden.registerPluginByNameAndPath@MessageFontColor": "Default",
  "debugFunctions|debugSetting.controllers.warden.registerPluginByNameAndPath@DataFontColor": "Default",
  "debugFunctions|debugSetting.controllers.warden.registerPluginByNameAndPath@ModuleFontBackgroundColor": "Default",
  "debugFunctions|debugSetting.controllers.warden.registerPluginByNameAndPath@FunctionFontBackgroundColor": "Default",
  "debugFunctions|debugSetting.controllers.warden.registerPluginByNameAndPath@MessageFontBackgroundColor": "Default",
  "debugFunctions|debugSetting.controllers.warden.registerPluginByNameAndPath@DataFontBackgroundColor": "Default",
  "debugFunctions|debugSetting.controllers.warden.unregisterPluginByName": true,
  "debugFunctions|debugSetting.controllers.warden.unregisterPluginByName@ModuleFontStyle": "Default",
  "debugFunctions|debugSetting.controllers.warden.unregisterPluginByName@FunctionFontStyle": "Default",
  "debugFunctions|debugSetting.controllers.warden.unregisterPluginByName@MessageFontStyle": "Default",
  "debugFunctions|debugSetting.controllers.warden.unregisterPluginByName@DataFontStyle": "Default",
  "debugFunctions|debugSetting.controllers.warden.unregisterPluginByName@ModuleFontColor": "Default",
  "debugFunctions|debugSetting.controllers.warden.unregisterPluginByName@FunctionFontColor": "Default",
  "debugFunctions|debugSetting.controllers.warden.unregisterPluginByName@MessageFontColor": "Default",
  "debugFunctions|debugSetting.controllers.warden.unregisterPluginByName@DataFontColor": "Default",
  "debugFunctions|debugSetting.controllers.warden.unregisterPluginByName@ModuleFontBackgroundColor": "Default",
  "debugFunctions|debugSetting.controllers.warden.unregisterPluginByName@FunctionFontBackgroundColor": "Default",
  "debugFunctions|debugSetting.controllers.warden.unregisterPluginByName@MessageFontBackgroundColor": "Default",
  "debugFunctions|debugSetting.controllers.warden.unregisterPluginByName@DataFontBackgroundColor": "Default",
  "debugFunctions|debugSetting.controllers.warden.syncPluginRegistryWithPath": true,
  "debugFunctions|debugSetting.controllers.warden.syncPluginRegistryWithPath@ModuleFontStyle": "Default",
  "debugFunctions|debugSetting.controllers.warden.syncPluginRegistryWithPath@FunctionFontStyle": "Default",
  "debugFunctions|debugSetting.controllers.warden.syncPluginRegistryWithPath@MessageFontStyle": "Default",
  "debugFunctions|debugSetting.controllers.warden.syncPluginRegistryWithPath@DataFontStyle": "Default",
  "debugFunctions|debugSetting.controllers.warden.syncPluginRegistryWithPath@ModuleFontColor": "Default",
  "debugFunctions|debugSetting.controllers.warden.syncPluginRegistryWithPath@FunctionFontColor": "Default",
  "debugFunctions|debugSetting.controllers.warden.syncPluginRegistryWithPath@MessageFontColor": "Default",
  "debugFunctions|debugSetting.controllers.warden.syncPluginRegistryWithPath@DataFontColor": "Default",
  "debugFunctions|debugSetting.controllers.warden.syncPluginRegistryWithPath@ModuleFontBackgroundColor": "Default",
  "debugFunctions|debugSetting.controllers.warden.syncPluginRegistryWithPath@FunctionFontBackgroundColor": "Default",
  "debugFunctions|debugSetting.controllers.warden.syncPluginRegistryWithPath@MessageFontBackgroundColor": "Default",
  "debugFunctions|debugSetting.controllers.warden.syncPluginRegistryWithPath@DataFontBackgroundColor": "Default",
  "debugFunctions|debugSetting.controllers.warden.clearAllPluginRegistry": true,
  "debugFunctions|debugSetting.controllers.warden.clearAllPluginRegistry@ModuleFontStyle": "Default",
  "debugFunctions|debugSetting.controllers.warden.clearAllPluginRegistry@FunctionFontStyle": "Default",
  "debugFunctions|debugSetting.controllers.warden.clearAllPluginRegistry@MessageFontStyle": "Default",
  "debugFunctions|debugSetting.controllers.warden.clearAllPluginRegistry@DataFontStyle": "Default",
  "debugFunctions|debugSetting.controllers.warden.clearAllPluginRegistry@ModuleFontColor": "Default",
  "debugFunctions|debugSetting.controllers.warden.clearAllPluginRegistry@FunctionFontColor": "Default",
  "debugFunctions|debugSetting.controllers.warden.clearAllPluginRegistry@MessageFontColor": "Default",
  "debugFunctions|debugSetting.controllers.warden.clearAllPluginRegistry@DataFontColor": "Default",
  "debugFunctions|debugSetting.controllers.warden.clearAllPluginRegistry@ModuleFontBackgroundColor": "Default",
  "debugFunctions|debugSetting.controllers.warden.clearAllPluginRegistry@FunctionFontBackgroundColor": "Default",
  "debugFunctions|debugSetting.controllers.warden.clearAllPluginRegistry@MessageFontBackgroundColor": "Default",
  "debugFunctions|debugSetting.controllers.warden.clearAllPluginRegistry@DataFontBackgroundColor": "Default",
  "debugFunctions|debugSetting.controllers.warden.writePluginRegistryToDisk": true,
  "debugFunctions|debugSetting.controllers.warden.writePluginRegistryToDisk@ModuleFontStyle": "Default",
  "debugFunctions|debugSetting.controllers.warden.writePluginRegistryToDisk@FunctionFontStyle": "Default",
  "debugFunctions|debugSetting.controllers.warden.writePluginRegistryToDisk@MessageFontStyle": "Default",
  "debugFunctions|debugSetting.controllers.warden.writePluginRegistryToDisk@DataFontStyle": "Default",
  "debugFunctions|debugSetting.controllers.warden.writePluginRegistryToDisk@ModuleFontColor": "Default",
  "debugFunctions|debugSetting.controllers.warden.writePluginRegistryToDisk@FunctionFontColor": "Default",
  "debugFunctions|debugSetting.controllers.warden.writePluginRegistryToDisk@MessageFontColor": "Default",
  "debugFunctions|debugSetting.controllers.warden.writePluginRegistryToDisk@DataFontColor": "Default",
  "debugFunctions|debugSetting.controllers.warden.writePluginRegistryToDisk@ModuleFontBackgroundColor": "Default",
  "debugFunctions|debugSetting.controllers.warden.writePluginRegistryToDisk@FunctionFontBackgroundColor": "Default",
  "debugFunctions|debugSetting.controllers.warden.writePluginRegistryToDisk@MessageFontBackgroundColor": "Default",
  "debugFunctions|debugSetting.controllers.warden.writePluginRegistryToDisk@DataFontBackgroundColor": "Default",
  "debugFunctions|debugSetting.controllers.warden.loadPlugin": true,
  "debugFunctions|debugSetting.controllers.warden.loadPlugin@ModuleFontStyle": "Default",
  "debugFunctions|debugSetting.controllers.warden.loadPlugin@FunctionFontStyle": "Default",
  "debugFunctions|debugSetting.controllers.warden.loadPlugin@MessageFontStyle": "Default",
  "debugFunctions|debugSetting.controllers.warden.loadPlugin@DataFontStyle": "Default",
  "debugFunctions|debugSetting.controllers.warden.loadPlugin@ModuleFontColor": "Default",
  "debugFunctions|debugSetting.controllers.warden.loadPlugin@FunctionFontColor": "Default",
  "debugFunctions|debugSetting.controllers.warden.loadPlugin@MessageFontColor": "Default",
  "debugFunctions|debugSetting.controllers.warden.loadPlugin@DataFontColor": "Default",
  "debugFunctions|debugSetting.controllers.warden.loadPlugin@ModuleFontBackgroundColor": "Default",
  "debugFunctions|debugSetting.controllers.warden.loadPlugin@FunctionFontBackgroundColor": "Default",
  "debugFunctions|debugSetting.controllers.warden.loadPlugin@MessageFontBackgroundColor": "Default",
  "debugFunctions|debugSetting.controllers.warden.loadPlugin@DataFontBackgroundColor": "Default",
  "debugFunctions|debugSetting.controllers.warden.loadPlugins": true,
  "debugFunctions|debugSetting.controllers.warden.loadPlugins@ModuleFontStyle": "Default",
  "debugFunctions|debugSetting.controllers.warden.loadPlugins@FunctionFontStyle": "Default",
  "debugFunctions|debugSetting.controllers.warden.loadPlugins@MessageFontStyle": "Default",
  "debugFunctions|debugSetting.controllers.warden.loadPlugins@DataFontStyle": "Default",
  "debugFunctions|debugSetting.controllers.warden.loadPlugins@ModuleFontColor": "Default",
  "debugFunctions|debugSetting.controllers.warden.loadPlugins@FunctionFontColor": "Default",
  "debugFunctions|debugSetting.controllers.warden.loadPlugins@MessageFontColor": "Default",
  "debugFunctions|debugSetting.controllers.warden.loadPlugins@DataFontColor": "Default",
  "debugFunctions|debugSetting.controllers.warden.loadPlugins@ModuleFontBackgroundColor": "Default",
  "debugFunctions|debugSetting.controllers.warden.loadPlugins@FunctionFontBackgroundColor": "Default",
  "debugFunctions|debugSetting.controllers.warden.loadPlugins@MessageFontBackgroundColor": "Default",
  "debugFunctions|debugSetting.controllers.warden.loadPlugins@DataFontBackgroundColor": "Default",
  "debugFunctions|debugSetting.controllers.warden.loadPluginsFromRegistry": true,
  "debugFunctions|debugSetting.controllers.warden.loadPluginsFromRegistry@ModuleFontStyle": "Default",
  "debugFunctions|debugSetting.controllers.warden.loadPluginsFromRegistry@FunctionFontStyle": "Default",
  "debugFunctions|debugSetting.controllers.warden.loadPluginsFromRegistry@MessageFontStyle": "Default",
  "debugFunctions|debugSetting.controllers.warden.loadPluginsFromRegistry@DataFontStyle": "Default",
  "debugFunctions|debugSetting.controllers.warden.loadPluginsFromRegistry@ModuleFontColor": "Default",
  "debugFunctions|debugSetting.controllers.warden.loadPluginsFromRegistry@FunctionFontColor": "Default",
  "debugFunctions|debugSetting.controllers.warden.loadPluginsFromRegistry@MessageFontColor": "Default",
  "debugFunctions|debugSetting.controllers.warden.loadPluginsFromRegistry@DataFontColor": "Default",
  "debugFunctions|debugSetting.controllers.warden.loadPluginsFromRegistry@ModuleFontBackgroundColor": "Default",
  "debugFunctions|debugSetting.controllers.warden.loadPluginsFromRegistry@FunctionFontBackgroundColor": "Default",
  "debugFunctions|debugSetting.controllers.warden.loadPluginsFromRegistry@MessageFontBackgroundColor": "Default",
  "debugFunctions|debugSetting.controllers.warden.loadPluginsFromRegistry@DataFontBackgroundColor": "Default",
  "debugFunctions|debugSetting.controllers.warden.unloadPlugin": true,
  "debugFunctions|debugSetting.controllers.warden.unloadPlugin@ModuleFontStyle": "Default",
  "debugFunctions|debugSetting.controllers.warden.unloadPlugin@FunctionFontStyle": "Default",
  "debugFunctions|debugSetting.controllers.warden.unloadPlugin@MessageFontStyle": "Default",
  "debugFunctions|debugSetting.controllers.warden.unloadPlugin@DataFontStyle": "Default",
  "debugFunctions|debugSetting.controllers.warden.unloadPlugin@ModuleFontColor": "Default",
  "debugFunctions|debugSetting.controllers.warden.unloadPlugin@FunctionFontColor": "Default",
  "debugFunctions|debugSetting.controllers.warden.unloadPlugin@MessageFontColor": "Default",
  "debugFunctions|debugSetting.controllers.warden.unloadPlugin@DataFontColor": "Default",
  "debugFunctions|debugSetting.controllers.warden.unloadPlugin@ModuleFontBackgroundColor": "Default",
  "debugFunctions|debugSetting.controllers.warden.unloadPlugin@FunctionFontBackgroundColor": "Default",
  "debugFunctions|debugSetting.controllers.warden.unloadPlugin@MessageFontBackgroundColor": "Default",
  "debugFunctions|debugSetting.controllers.warden.unloadPlugin@DataFontBackgroundColor": "Default",
  "debugFunctions|debugSetting.controllers.warden.unloadPlugins": true,
  "debugFunctions|debugSetting.controllers.warden.unloadPlugins@ModuleFontStyle": "Default",
  "debugFunctions|debugSetting.controllers.warden.unloadPlugins@FunctionFontStyle": "Default",
  "debugFunctions|debugSetting.controllers.warden.unloadPlugins@MessageFontStyle": "Default",
  "debugFunctions|debugSetting.controllers.warden.unloadPlugins@DataFontStyle": "Default",
  "debugFunctions|debugSetting.controllers.warden.unloadPlugins@ModuleFontColor": "Default",
  "debugFunctions|debugSetting.controllers.warden.unloadPlugins@FunctionFontColor": "Default",
  "debugFunctions|debugSetting.controllers.warden.unloadPlugins@MessageFontColor": "Default",
  "debugFunctions|debugSetting.controllers.warden.unloadPlugins@DataFontColor": "Default",
  "debugFunctions|debugSetting.controllers.warden.unloadPlugins@ModuleFontBackgroundColor": "Default",
  "debugFunctions|debugSetting.controllers.warden.unloadPlugins@FunctionFontBackgroundColor": "Default",
  "debugFunctions|debugSetting.controllers.warden.unloadPlugins@MessageFontBackgroundColor": "Default",
  "debugFunctions|debugSetting.controllers.warden.unloadPlugins@DataFontBackgroundColor": "Default",
  "debugFunctions|debugSetting.controllers.warden.unloadAllPlugins": true,
  "debugFunctions|debugSetting.controllers.warden.unloadAllPlugins@ModuleFontStyle": "Default",
  "debugFunctions|debugSetting.controllers.warden.unloadAllPlugins@FunctionFontStyle": "Default",
  "debugFunctions|debugSetting.controllers.warden.unloadAllPlugins@MessageFontStyle": "Default",
  "debugFunctions|debugSetting.controllers.warden.unloadAllPlugins@DataFontStyle": "Default",
  "debugFunctions|debugSetting.controllers.warden.unloadAllPlugins@ModuleFontColor": "Default",
  "debugFunctions|debugSetting.controllers.warden.unloadAllPlugins@FunctionFontColor": "Default",
  "debugFunctions|debugSetting.controllers.warden.unloadAllPlugins@MessageFontColor": "Default",
  "debugFunctions|debugSetting.controllers.warden.unloadAllPlugins@DataFontColor": "Default",
  "debugFunctions|debugSetting.controllers.warden.unloadAllPlugins@ModuleFontBackgroundColor": "Default",
  "debugFunctions|debugSetting.controllers.warden.unloadAllPlugins@FunctionFontBackgroundColor": "Default",
  "debugFunctions|debugSetting.controllers.warden.unloadAllPlugins@MessageFontBackgroundColor": "Default",
  "debugFunctions|debugSetting.controllers.warden.unloadAllPlugins@DataFontBackgroundColor": "Default",
  "debugFunctions|debugSetting.controllers.warden.loadPluginResourceData": true,
  "debugFunctions|debugSetting.controllers.warden.loadPluginResourceData@ModuleFontStyle": "Default",
  "debugFunctions|debugSetting.controllers.warden.loadPluginResourceData@FunctionFontStyle": "Default",
  "debugFunctions|debugSetting.controllers.warden.loadPluginResourceData@MessageFontStyle": "Default",
  "debugFunctions|debugSetting.controllers.warden.loadPluginResourceData@DataFontStyle": "Default",
  "debugFunctions|debugSetting.controllers.warden.loadPluginResourceData@ModuleFontColor": "Default",
  "debugFunctions|debugSetting.controllers.warden.loadPluginResourceData@FunctionFontColor": "Default",
  "debugFunctions|debugSetting.controllers.warden.loadPluginResourceData@MessageFontColor": "Default",
  "debugFunctions|debugSetting.controllers.warden.loadPluginResourceData@DataFontColor": "Default",
  "debugFunctions|debugSetting.controllers.warden.loadPluginResourceData@ModuleFontBackgroundColor": "Default",
  "debugFunctions|debugSetting.controllers.warden.loadPluginResourceData@FunctionFontBackgroundColor": "Default",
  "debugFunctions|debugSetting.controllers.warden.loadPluginResourceData@MessageFontBackgroundColor": "Default",
  "debugFunctions|debugSetting.controllers.warden.loadPluginResourceData@DataFontBackgroundColor": "Default",
  "debugFunctions|debugSetting.controllers.warden.executeBusinessRule": false,
  "debugFunctions|debugSetting.controllers.warden.executeBusinessRule@ModuleFontStyle": "Default",
  "debugFunctions|debugSetting.controllers.warden.executeBusinessRule@FunctionFontStyle": "Default",
  "debugFunctions|debugSetting.controllers.warden.executeBusinessRule@MessageFontStyle": "Default",
  "debugFunctions|debugSetting.controllers.warden.executeBusinessRule@DataFontStyle": "Default",
  "debugFunctions|debugSetting.controllers.warden.executeBusinessRule@ModuleFontColor": "Default",
  "debugFunctions|debugSetting.controllers.warden.executeBusinessRule@FunctionFontColor": "Default",
  "debugFunctions|debugSetting.controllers.warden.executeBusinessRule@MessageFontColor": "Default",
  "debugFunctions|debugSetting.controllers.warden.executeBusinessRule@DataFontColor": "Default",
  "debugFunctions|debugSetting.controllers.warden.executeBusinessRule@ModuleFontBackgroundColor": "Default",
  "debugFunctions|debugSetting.controllers.warden.executeBusinessRule@FunctionFontBackgroundColor": "Default",
  "debugFunctions|debugSetting.controllers.warden.executeBusinessRule@MessageFontBackgroundColor": "Default",
  "debugFunctions|debugSetting.controllers.warden.executeBusinessRule@DataFontBackgroundColor": "Default",
  "debugFunctions|debugSetting.controllers.warden.enqueueCommand": false,
  "debugFunctions|debugSetting.controllers.warden.enqueueCommand@ModuleFontStyle": "Default",
  "debugFunctions|debugSetting.controllers.warden.enqueueCommand@FunctionFontStyle": "Default",
  "debugFunctions|debugSetting.controllers.warden.enqueueCommand@MessageFontStyle": "Default",
  "debugFunctions|debugSetting.controllers.warden.enqueueCommand@DataFontStyle": "Default",
  "debugFunctions|debugSetting.controllers.warden.enqueueCommand@ModuleFontColor": "Default",
  "debugFunctions|debugSetting.controllers.warden.enqueueCommand@FunctionFontColor": "Default",
  "debugFunctions|debugSetting.controllers.warden.enqueueCommand@MessageFontColor": "Default",
  "debugFunctions|debugSetting.controllers.warden.enqueueCommand@DataFontColor": "Default",
  "debugFunctions|debugSetting.controllers.warden.enqueueCommand@ModuleFontBackgroundColor": "Default",
  "debugFunctions|debugSetting.controllers.warden.enqueueCommand@FunctionFontBackgroundColor": "Default",
  "debugFunctions|debugSetting.controllers.warden.enqueueCommand@MessageFontBackgroundColor": "Default",
  "debugFunctions|debugSetting.controllers.warden.enqueueCommand@DataFontBackgroundColor": "Default",
  "debugFunctions|debugSetting.controllers.warden.isCommandQueueEmpty": false,
  "debugFunctions|debugSetting.controllers.warden.isCommandQueueEmpty@ModuleFontStyle": "Default",
  "debugFunctions|debugSetting.controllers.warden.isCommandQueueEmpty@FunctionFontStyle": "Default",
  "debugFunctions|debugSetting.controllers.warden.isCommandQueueEmpty@MessageFontStyle": "Default",
  "debugFunctions|debugSetting.controllers.warden.isCommandQueueEmpty@DataFontStyle": "Default",
  "debugFunctions|debugSetting.controllers.warden.isCommandQueueEmpty@ModuleFontColor": "Default",
  "debugFunctions|debugSetting.controllers.warden.isCommandQueueEmpty@FunctionFontColor": "Default",
  "debugFunctions|debugSetting.controllers.warden.isCommandQueueEmpty@MessageFontColor": "Default",
  "debugFunctions|debugSetting.controllers.warden.isCommandQueueEmpty@DataFontColor": "Default",
  "debugFunctions|debugSetting.controllers.warden.isCommandQueueEmpty@ModuleFontBackgroundColor": "Default",
  "debugFunctions|debugSetting.controllers.warden.isCommandQueueEmpty@FunctionFontBackgroundColor": "Default",
  "debugFunctions|debugSetting.controllers.warden.isCommandQueueEmpty@MessageFontBackgroundColor": "Default",
  "debugFunctions|debugSetting.controllers.warden.isCommandQueueEmpty@DataFontBackgroundColor": "Default",
  "debugFunctions|debugSetting.controllers.warden.processCommandQueue": false,
  "debugFunctions|debugSetting.controllers.warden.processCommandQueue@ModuleFontStyle": "Default",
  "debugFunctions|debugSetting.controllers.warden.processCommandQueue@FunctionFontStyle": "Default",
  "debugFunctions|debugSetting.controllers.warden.processCommandQueue@MessageFontStyle": "Default",
  "debugFunctions|debugSetting.controllers.warden.processCommandQueue@DataFontStyle": "Default",
  "debugFunctions|debugSetting.controllers.warden.processCommandQueue@ModuleFontColor": "Default",
  "debugFunctions|debugSetting.controllers.warden.processCommandQueue@FunctionFontColor": "Default",
  "debugFunctions|debugSetting.controllers.warden.processCommandQueue@MessageFontColor": "Default",
  "debugFunctions|debugSetting.controllers.warden.processCommandQueue@DataFontColor": "Default",
  "debugFunctions|debugSetting.controllers.warden.processCommandQueue@ModuleFontBackgroundColor": "Default",
  "debugFunctions|debugSetting.controllers.warden.processCommandQueue@FunctionFontBackgroundColor": "Default",
  "debugFunctions|debugSetting.controllers.warden.processCommandQueue@MessageFontBackgroundColor": "Default",
  "debugFunctions|debugSetting.controllers.warden.processCommandQueue@DataFontBackgroundColor": "Default",
  "debugFunctions|debugSetting.controllers.warden.setConfigurationSetting": false,
  "debugFunctions|debugSetting.controllers.warden.setConfigurationSetting@ModuleFontStyle": "Default",
  "debugFunctions|debugSetting.controllers.warden.setConfigurationSetting@FunctionFontStyle": "Default",
  "debugFunctions|debugSetting.controllers.warden.setConfigurationSetting@MessageFontStyle": "Default",
  "debugFunctions|debugSetting.controllers.warden.setConfigurationSetting@DataFontStyle": "Default",
  "debugFunctions|debugSetting.controllers.warden.setConfigurationSetting@ModuleFontColor": "Default",
  "debugFunctions|debugSetting.controllers.warden.setConfigurationSetting@FunctionFontColor": "Default",
  "debugFunctions|debugSetting.controllers.warden.setConfigurationSetting@MessageFontColor": "Default",
  "debugFunctions|debugSetting.controllers.warden.setConfigurationSetting@DataFontColor": "Default",
  "debugFunctions|debugSetting.controllers.warden.setConfigurationSetting@ModuleFontBackgroundColor": "Default",
  "debugFunctions|debugSetting.controllers.warden.setConfigurationSetting@FunctionFontBackgroundColor": "Default",
  "debugFunctions|debugSetting.controllers.warden.setConfigurationSetting@MessageFontBackgroundColor": "Default",
  "debugFunctions|debugSetting.controllers.warden.setConfigurationSetting@DataFontBackgroundColor": "Default",
  "debugFunctions|debugSetting.controllers.warden.getConfigurationSetting": false,
  "debugFunctions|debugSetting.controllers.warden.getConfigurationSetting@ModuleFontStyle": "Default",
  "debugFunctions|debugSetting.controllers.warden.getConfigurationSetting@FunctionFontStyle": "Default",
  "debugFunctions|debugSetting.controllers.warden.getConfigurationSetting@MessageFontStyle": "Default",
  "debugFunctions|debugSetting.controllers.warden.getConfigurationSetting@DataFontStyle": "Default",
  "debugFunctions|debugSetting.controllers.warden.getConfigurationSetting@ModuleFontColor": "Default",
  "debugFunctions|debugSetting.controllers.warden.getConfigurationSetting@FunctionFontColor": "Default",
  "debugFunctions|debugSetting.controllers.warden.getConfigurationSetting@MessageFontColor": "Default",
  "debugFunctions|debugSetting.controllers.warden.getConfigurationSetting@DataFontColor": "Default",
  "debugFunctions|debugSetting.controllers.warden.getConfigurationSetting@ModuleFontBackgroundColor": "Default",
  "debugFunctions|debugSetting.controllers.warden.getConfigurationSetting@FunctionFontBackgroundColor": "Default",
  "debugFunctions|debugSetting.controllers.warden.getConfigurationSetting@MessageFontBackgroundColor": "Default",
  "debugFunctions|debugSetting.controllers.warden.getConfigurationSetting@DataFontBackgroundColor": "Default",
  "debugFunctions|debugSetting.controllers.warden.sleep": false,
  "debugFunctions|debugSetting.controllers.warden.sleep@ModuleFontStyle": "Default",
  "debugFunctions|debugSetting.controllers.warden.sleep@FunctionFontStyle": "Default",
  "debugFunctions|debugSetting.controllers.warden.sleep@MessageFontStyle": "Default",
  "debugFunctions|debugSetting.controllers.warden.sleep@DataFontStyle": "Default",
  "debugFunctions|debugSetting.controllers.warden.sleep@ModuleFontColor": "Default",
  "debugFunctions|debugSetting.controllers.warden.sleep@FunctionFontColor": "Default",
  "debugFunctions|debugSetting.controllers.warden.sleep@MessageFontColor": "Default",
  "debugFunctions|debugSetting.controllers.warden.sleep@DataFontColor": "Default",
  "debugFunctions|debugSetting.controllers.warden.sleep@ModuleFontBackgroundColor": "Default",
  "debugFunctions|debugSetting.controllers.warden.sleep@FunctionFontBackgroundColor": "Default",
  "debugFunctions|debugSetting.controllers.warden.sleep@MessageFontBackgroundColor": "Default",
  "debugFunctions|debugSetting.controllers.warden.sleep@DataFontBackgroundColor": "Default"
}
