<?xml version="1.0" encoding="UTF-8"?><CommandsAliases>
  <system>
    <Command Name="echoCommand" Aliases="echo,ECMD,EcoCmd,EchoCmd,EchoCommand" Description="Echos back whatever is input to the command."/>
    <Command Name="exit" Aliases="X,Q,Ex,Qt,Exit,Quit" Description="Exit the application completely."/>
    <Command Name="version" Aliases="V,Ver,Vers,Versn,Version" Description="Displays the current version of the application."/>
    <Command Name="about" Aliases="A,Abt,Abut,Abot,About" Description="Displays the about message for the current application."/>
    <Command Name="name" Aliases="N,Nam,Name" Description="Displays a message with the name of the current application."/>
    <Command Name="clearScreen" Aliases="cls,ClearS,ClearScr,ClearScrn,ClearScren,ClearScreen,ClerS,ClerScr,ClerScrn,ClerScren,ClerScreen,ClrS,ClrScr,ClrScrn,ClrScren,ClrScreen,CScr,CScrn,CScren" Description="Clears the screen of any extra data by pushing lots of empty strings past the cache of the console system."/>
    <Command Name="help" Aliases="H,?,Hlp,Help" Description="Displays all of the commands names and descriptions."/>
    <Command Name="workflowHelp" Aliases="WorkFlowH,WorkFlowHlp,WorkFlow?,WorkFlowHelp,WorkFloH,WorkFloHlp,WorkFlo?,WorkFloHelp,WorkFlH,WorkFlHlp,WorkFl?,WorkFlHelp,WorkFH,WorkFHlp,WorkF?,WorkFHelp,WrkFlowH,WrkFlowHlp,WrkFlow?,WrkFlowHelp,WrkFloH,WrkFloHlp,WrkFlo?,WrkFloHelp,WrkFlH,WrkFlHlp,WrkFl?,WrkFlHelp,WrkFH,WrkFHlp,WrkF?,WrkFHelp,WFlowH,WFlowHlp,WFlow?,WFlowHelp,WFloH,WFloHlp,WFlo?,WFloHelp,WFlH,WFlHlp,WFl?,WFlHelp,WFH,WFHlp,WF?,WorkFlowsH,WorkFlowsHlp,WorkFlows?,WorkFlowsHelp,WorkFlosH,WorkFlosHlp,WorkFlos?,WorkFlosHelp,WorkFlsH,WorkFlsHlp,WorkFls?,WorkFlsHelp,WorkFsH,WorkFsHlp,WorkFs?,WorkFsHelp,WrkFlowsH,WrkFlowsHlp,WrkFlows?,WrkFlowsHelp,WrkFlosH,WrkFlosHlp,WrkFlos?,WrkFlosHelp,WrkFlsH,WrkFlsHlp,WrkFls?,WrkFlsHelp,WrkFsH,WrkFsHlp,WrkFs?,WrkFsHelp,WFlowsH,WFlowsHlp,WFlows?,WFlowsHelp,WFlosH,WFlosHlp,WFlos?,WFlosHelp,WFlsH,WFlsHlp,WFls?,WFlsHelp,WFsH,WFsHlp,WFs?" Description="Displays all the workflows, names and values."/>
    <Command Name="printUserCommandsLog" Aliases="PrintUserCommandsLg,PrintUserCommandsL,PrintUserCommandsLog,PrintUserCdsLg,PrintUserCdsL,PrintUserCdsLog,PrintUserCmdsLg,PrintUserCmdsL,PrintUserCmdsLog,PrintUserCmndsLg,PrintUserCmndsL,PrintUserCmndsLog,PrintUserComndsLg,PrintUserComndsL,PrintUserComndsLog,PrintUCommandsLg,PrintUCommandsL,PrintUCommandsLog,PrintUCdsLg,PrintUCdsL,PrintUCdsLog,PrintUCmdsLg,PrintUCmdsL,PrintUCmdsLog,PrintUCmndsLg,PrintUCmndsL,PrintUCmndsLog,PrintUComndsLg,PrintUComndsL,PrintUComndsLog,PrintUrCommandsLg,PrintUrCommandsL,PrintUrCommandsLog,PrintUrCdsLg,PrintUrCdsL,PrintUrCdsLog,PrintUrCmdsLg,PrintUrCmdsL,PrintUrCmdsLog,PrintUrCmndsLg,PrintUrCmndsL,PrintUrCmndsLog,PrintUrComndsLg,PrintUrComndsL,PrintUrComndsLog,PrintUsrCommandsLg,PrintUsrCommandsL,PrintUsrCommandsLog,PrintUsrCdsLg,PrintUsrCdsL,PrintUsrCdsLog,PrintUsrCmdsLg,PrintUsrCmdsL,PrintUsrCmdsLog,PrintUsrCmndsLg,PrintUsrCmndsL,PrintUsrCmndsLog,PrintUsrComndsLg,PrintUsrComndsL,PrintUsrComndsLog,PUserCommandsLg,PUserCommandsL,PUserCommandsLog,PUserCdsLg,PUserCdsL,PUserCdsLog,PUserCmdsLg,PUserCmdsL,PUserCmdsLog,PUserCmndsLg,PUserCmndsL,PUserCmndsLog,PUserComndsLg,PUserComndsL,PUserComndsLog,PUCommandsLg,PUCommandsL,PUCommandsLog,PUCdsLg,PUCdsL,PUCdsLog,PUCmdsLg,PUCmdsL,PUCmdsLog,PUCmndsLg,PUCmndsL,PUCmndsLog,PUComndsLg,PUComndsL,PUComndsLog,PUrCommandsLg,PUrCommandsL,PUrCommandsLog,PUrCdsLg,PUrCdsL,PUrCdsLog,PUrCmdsLg,PUrCmdsL,PUrCmdsLog,PUrCmndsLg,PUrCmndsL,PUrCmndsLog,PUrComndsLg,PUrComndsL,PUrComndsLog,PUsrCommandsLg,PUsrCommandsL,PUsrCommandsLog,PUsrCdsLg,PUsrCdsL,PUsrCdsLog,PUsrCmdsLg,PUsrCmdsL,PUsrCmdsLog,PUsrCmndsLg,PUsrCmndsL,PUsrCmndsLog,PUsrComndsLg,PUsrComndsL,PUsrComndsLog,PtUserCommandsLg,PtUserCommandsL,PtUserCommandsLog,PtUserCdsLg,PtUserCdsL,PtUserCdsLog,PtUserCmdsLg,PtUserCmdsL,PtUserCmdsLog,PtUserCmndsLg,PtUserCmndsL,PtUserCmndsLog,PtUserComndsLg,PtUserComndsL,PtUserComndsLog,PtUCommandsLg,PtUCommandsL,PtUCommandsLog,PtUCdsLg,PtUCdsL,PtUCdsLog,PtUCmdsLg,PtUCmdsL,PtUCmdsLog,PtUCmndsLg,PtUCmndsL,PtUCmndsLog,PtUComndsLg,PtUComndsL,PtUComndsLog,PtUrCommandsLg,PtUrCommandsL,PtUrCommandsLog,PtUrCdsLg,PtUrCdsL,PtUrCdsLog,PtUrCmdsLg,PtUrCmdsL,PtUrCmdsLog,PtUrCmndsLg,PtUrCmndsL,PtUrCmndsLog,PtUrComndsLg,PtUrComndsL,PtUrComndsLog,PtUsrCommandsLg,PtUsrCommandsL,PtUsrCommandsLog,PtUsrCdsLg,PtUsrCdsL,PtUsrCdsLog,PtUsrCmdsLg,PtUsrCmdsL,PtUsrCmdsLog,PtUsrCmndsLg,PtUsrCmndsL,PtUsrCmndsLog,PtUsrComndsLg,PtUsrComndsL,PtUsrComndsLog,PrtUserCommandsLg,PrtUserCommandsL,PrtUserCommandsLog,PrtUserCdsLg,PrtUserCdsL,PrtUserCdsLog,PrtUserCmdsLg,PrtUserCmdsL,PrtUserCmdsLog,PrtUserCmndsLg,PrtUserCmndsL,PrtUserCmndsLog,PrtUserComndsLg,PrtUserComndsL,PrtUserComndsLog,PrtUCommandsLg,PrtUCommandsL,PrtUCommandsLog,PrtUCdsLg,PrtUCdsL,PrtUCdsLog,PrtUCmdsLg,PrtUCmdsL,PrtUCmdsLog,PrtUCmndsLg,PrtUCmndsL,PrtUCmndsLog,PrtUComndsLg,PrtUComndsL,PrtUComndsLog,PrtUrCommandsLg,PrtUrCommandsL,PrtUrCommandsLog,PrtUrCdsLg,PrtUrCdsL,PrtUrCdsLog,PrtUrCmdsLg,PrtUrCmdsL,PrtUrCmdsLog,PrtUrCmndsLg,PrtUrCmndsL,PrtUrCmndsLog,PrtUrComndsLg,PrtUrComndsL,PrtUrComndsLog,PrtUsrCommandsLg,PrtUsrCommandsL,PrtUsrCommandsLog,PrtUsrCdsLg,PrtUsrCdsL,PrtUsrCdsLog,PrtUsrCmdsLg,PrtUsrCmdsL,PrtUsrCmdsLog,PrtUsrCmndsLg,PrtUsrCmndsL,PrtUsrCmndsLog,PrtUsrComndsLg,PrtUsrComndsL,PrtUsrComndsLog,PrntUserCommandsLg,PrntUserCommandsL,PrntUserCommandsLog,PrntUserCdsLg,PrntUserCdsL,PrntUserCdsLog,PrntUserCmdsLg,PrntUserCmdsL,PrntUserCmdsLog,PrntUserCmndsLg,PrntUserCmndsL,PrntUserCmndsLog,PrntUserComndsLg,PrntUserComndsL,PrntUserComndsLog,PrntUCommandsLg,PrntUCommandsL,PrntUCommandsLog,PrntUCdsLg,PrntUCdsL,PrntUCdsLog,PrntUCmdsLg,PrntUCmdsL,PrntUCmdsLog,PrntUCmndsLg,PrntUCmndsL,PrntUCmndsLog,PrntUComndsLg,PrntUComndsL,PrntUComndsLog,PrntUrCommandsLg,PrntUrCommandsL,PrntUrCommandsLog,PrntUrCdsLg,PrntUrCdsL,PrntUrCdsLog,PrntUrCmdsLg,PrntUrCmdsL,PrntUrCmdsLog,PrntUrCmndsLg,PrntUrCmndsL,PrntUrCmndsLog,PrntUrComndsLg,PrntUrComndsL,PrntUrComndsLog,PrntUsrCommandsLg,PrntUsrCommandsL,PrntUsrCommandsLog,PrntUsrCdsLg,PrntUsrCdsL,PrntUsrCdsLog,PrntUsrCmdsLg,PrntUsrCmdsL,PrntUsrCmdsLog,PrntUsrCmndsLg,PrntUsrCmndsL,PrntUsrCmndsLog,PrntUsrComndsLg,PrntUsrComndsL" Description="Displays all the commands entered by the user since the start of the application."/>
    <Command Name="printAllCommandsLog" Aliases="PrintAllCommandsLg,PrintAllCommandsL,PrintAllCommandsLog,PrintAllCdsLg,PrintAllCdsL,PrintAllCdsLog,PrintAllCmdsLg,PrintAllCmdsL,PrintAllCmdsLog,PrintAllCmndsLg,PrintAllCmndsL,PrintAllCmndsLog,PrintAllComndsLg,PrintAllComndsL,PrintAllComndsLog,PrintACommandsLg,PrintACommandsL,PrintACommandsLog,PrintACdsLg,PrintACdsL,PrintACdsLog,PrintACmdsLg,PrintACmdsL,PrintACmdsLog,PrintACmndsLg,PrintACmndsL,PrintACmndsLog,PrintAComndsLg,PrintAComndsL,PrintAComndsLog,PrintAlCommandsLg,PrintAlCommandsL,PrintAlCommandsLog,PrintAlCdsLg,PrintAlCdsL,PrintAlCdsLog,PrintAlCmdsLg,PrintAlCmdsL,PrintAlCmdsLog,PrintAlCmndsLg,PrintAlCmndsL,PrintAlCmndsLog,PrintAlComndsLg,PrintAlComndsL,PrintAlComndsLog,PAllCommandsLg,PAllCommandsL,PAllCommandsLog,PAllCdsLg,PAllCdsL,PAllCdsLog,PAllCmdsLg,PAllCmdsL,PAllCmdsLog,PAllCmndsLg,PAllCmndsL,PAllCmndsLog,PAllComndsLg,PAllComndsL,PAllComndsLog,PACommandsLg,PACommandsL,PACommandsLog,PACdsLg,PACdsL,PACdsLog,PACmdsLg,PACmdsL,PACmdsLog,PACmndsLg,PACmndsL,PACmndsLog,PAComndsLg,PAComndsL,PAComndsLog,PAlCommandsLg,PAlCommandsL,PAlCommandsLog,PAlCdsLg,PAlCdsL,PAlCdsLog,PAlCmdsLg,PAlCmdsL,PAlCmdsLog,PAlCmndsLg,PAlCmndsL,PAlCmndsLog,PAlComndsLg,PAlComndsL,PAlComndsLog,PtAllCommandsLg,PtAllCommandsL,PtAllCommandsLog,PtAllCdsLg,PtAllCdsL,PtAllCdsLog,PtAllCmdsLg,PtAllCmdsL,PtAllCmdsLog,PtAllCmndsLg,PtAllCmndsL,PtAllCmndsLog,PtAllComndsLg,PtAllComndsL,PtAllComndsLog,PtACommandsLg,PtACommandsL,PtACommandsLog,PtACdsLg,PtACdsL,PtACdsLog,PtACmdsLg,PtACmdsL,PtACmdsLog,PtACmndsLg,PtACmndsL,PtACmndsLog,PtAComndsLg,PtAComndsL,PtAComndsLog,PtAlCommandsLg,PtAlCommandsL,PtAlCommandsLog,PtAlCdsLg,PtAlCdsL,PtAlCdsLog,PtAlCmdsLg,PtAlCmdsL,PtAlCmdsLog,PtAlCmndsLg,PtAlCmndsL,PtAlCmndsLog,PtAlComndsLg,PtAlComndsL,PtAlComndsLog,PrtAllCommandsLg,PrtAllCommandsL,PrtAllCommandsLog,PrtAllCdsLg,PrtAllCdsL,PrtAllCdsLog,PrtAllCmdsLg,PrtAllCmdsL,PrtAllCmdsLog,PrtAllCmndsLg,PrtAllCmndsL,PrtAllCmndsLog,PrtAllComndsLg,PrtAllComndsL,PrtAllComndsLog,PrtACommandsLg,PrtACommandsL,PrtACommandsLog,PrtACdsLg,PrtACdsL,PrtACdsLog,PrtACmdsLg,PrtACmdsL,PrtACmdsLog,PrtACmndsLg,PrtACmndsL,PrtACmndsLog,PrtAComndsLg,PrtAComndsL,PrtAComndsLog,PrtAlCommandsLg,PrtAlCommandsL,PrtAlCommandsLog,PrtAlCdsLg,PrtAlCdsL,PrtAlCdsLog,PrtAlCmdsLg,PrtAlCmdsL,PrtAlCmdsLog,PrtAlCmndsLg,PrtAlCmndsL,PrtAlCmndsLog,PrtAlComndsLg,PrtAlComndsL,PrtAlComndsLog,PrntAllCommandsLg,PrntAllCommandsL,PrntAllCommandsLog,PrntAllCdsLg,PrntAllCdsL,PrntAllCdsLog,PrntAllCmdsLg,PrntAllCmdsL,PrntAllCmdsLog,PrntAllCmndsLg,PrntAllCmndsL,PrntAllCmndsLog,PrntAllComndsLg,PrntAllComndsL,PrntAllComndsLog,PrntACommandsLg,PrntACommandsL,PrntACommandsLog,PrntACdsLg,PrntACdsL,PrntACdsLog,PrntACmdsLg,PrntACmdsL,PrntACmdsLog,PrntACmndsLg,PrntACmndsL,PrntACmndsLog,PrntAComndsLg,PrntAComndsL,PrntAComndsLog,PrntAlCommandsLg,PrntAlCommandsL,PrntAlCommandsLog,PrntAlCdsLg,PrntAlCdsL,PrntAlCdsLog,PrntAlCmdsLg,PrntAlCmdsL,PrntAlCmdsLog,PrntAlCmndsLg,PrntAlCmndsL,PrntAlCmndsLog,PrntAlComndsLg,PrntAlComndsL" Description="Displays all the commands executed by the system since the start of the application."/>
    <Command Name="clearUserCommandsLog" Aliases="ClearUserCommandsLg,ClearUserCommandsL,ClearUserCommandsLog,ClearUserCdsLg,ClearUserCdsL,ClearUserCdsLog,ClearUserCmdsLg,ClearUserCmdsL,ClearUserCmdsLog,ClearUserComdsLg,ClearUserComdsL,ClearUserComdsLog,ClearUserComndsLg,ClearUserComndsL,ClearUserComndsLog,ClearUCommandsLg,ClearUCommandsL,ClearUCommandsLog,ClearUCdsLg,ClearUCdsL,ClearUCdsLog,ClearUCmdsLg,ClearUCmdsL,ClearUCmdsLog,ClearUComdsLg,ClearUComdsL,ClearUComdsLog,ClearUComndsLg,ClearUComndsL,ClearUComndsLog,ClearUrCommandsLg,ClearUrCommandsL,ClearUrCommandsLog,ClearUrCdsLg,ClearUrCdsL,ClearUrCdsLog,ClearUrCmdsLg,ClearUrCmdsL,ClearUrCmdsLog,ClearUrComdsLg,ClearUrComdsL,ClearUrComdsLog,ClearUrComndsLg,ClearUrComndsL,ClearUrComndsLog,ClearUsrCommandsLg,ClearUsrCommandsL,ClearUsrCommandsLog,ClearUsrCdsLg,ClearUsrCdsL,ClearUsrCdsLog,ClearUsrCmdsLg,ClearUsrCmdsL,ClearUsrCmdsLog,ClearUsrComdsLg,ClearUsrComdsL,ClearUsrComdsLog,ClearUsrComndsLg,ClearUsrComndsL,ClearUsrComndsLog,CUserCommandsLg,CUserCommandsL,CUserCommandsLog,CUserCdsLg,CUserCdsL,CUserCdsLog,CUserCmdsLg,CUserCmdsL,CUserCmdsLog,CUserComdsLg,CUserComdsL,CUserComdsLog,CUserComndsLg,CUserComndsL,CUserComndsLog,CUCommandsLg,CUCommandsL,CUCommandsLog,CUCdsLg,CUCdsL,CUCdsLog,CUCmdsLg,CUCmdsL,CUCmdsLog,CUComdsLg,CUComdsL,CUComdsLog,CUComndsLg,CUComndsL,CUComndsLog,CUrCommandsLg,CUrCommandsL,CUrCommandsLog,CUrCdsLg,CUrCdsL,CUrCdsLog,CUrCmdsLg,CUrCmdsL,CUrCmdsLog,CUrComdsLg,CUrComdsL,CUrComdsLog,CUrComndsLg,CUrComndsL,CUrComndsLog,CUsrCommandsLg,CUsrCommandsL,CUsrCommandsLog,CUsrCdsLg,CUsrCdsL,CUsrCdsLog,CUsrCmdsLg,CUsrCmdsL,CUsrCmdsLog,CUsrComdsLg,CUsrComdsL,CUsrComdsLog,CUsrComndsLg,CUsrComndsL,CUsrComndsLog,ClUserCommandsLg,ClUserCommandsL,ClUserCommandsLog,ClUserCdsLg,ClUserCdsL,ClUserCdsLog,ClUserCmdsLg,ClUserCmdsL,ClUserCmdsLog,ClUserComdsLg,ClUserComdsL,ClUserComdsLog,ClUserComndsLg,ClUserComndsL,ClUserComndsLog,ClUCommandsLg,ClUCommandsL,ClUCommandsLog,ClUCdsLg,ClUCdsL,ClUCdsLog,ClUCmdsLg,ClUCmdsL,ClUCmdsLog,ClUComdsLg,ClUComdsL,ClUComdsLog,ClUComndsLg,ClUComndsL,ClUComndsLog,ClUrCommandsLg,ClUrCommandsL,ClUrCommandsLog,ClUrCdsLg,ClUrCdsL,ClUrCdsLog,ClUrCmdsLg,ClUrCmdsL,ClUrCmdsLog,ClUrComdsLg,ClUrComdsL,ClUrComdsLog,ClUrComndsLg,ClUrComndsL,ClUrComndsLog,ClUsrCommandsLg,ClUsrCommandsL,ClUsrCommandsLog,ClUsrCdsLg,ClUsrCdsL,ClUsrCdsLog,ClUsrCmdsLg,ClUsrCmdsL,ClUsrCmdsLog,ClUsrComdsLg,ClUsrComdsL,ClUsrComdsLog,ClUsrComndsLg,ClUsrComndsL,ClUsrComndsLog,ClrUserCommandsLg,ClrUserCommandsL,ClrUserCommandsLog,ClrUserCdsLg,ClrUserCdsL,ClrUserCdsLog,ClrUserCmdsLg,ClrUserCmdsL,ClrUserCmdsLog,ClrUserComdsLg,ClrUserComdsL,ClrUserComdsLog,ClrUserComndsLg,ClrUserComndsL,ClrUserComndsLog,ClrUCommandsLg,ClrUCommandsL,ClrUCommandsLog,ClrUCdsLg,ClrUCdsL,ClrUCdsLog,ClrUCmdsLg,ClrUCmdsL,ClrUCmdsLog,ClrUComdsLg,ClrUComdsL,ClrUComdsLog,ClrUComndsLg,ClrUComndsL,ClrUComndsLog,ClrUrCommandsLg,ClrUrCommandsL,ClrUrCommandsLog,ClrUrCdsLg,ClrUrCdsL,ClrUrCdsLog,ClrUrCmdsLg,ClrUrCmdsL,ClrUrCmdsLog,ClrUrComdsLg,ClrUrComdsL,ClrUrComdsLog,ClrUrComndsLg,ClrUrComndsL,ClrUrComndsLog,ClrUsrCommandsLg,ClrUsrCommandsL,ClrUsrCommandsLog,ClrUsrCdsLg,ClrUsrCdsL,ClrUsrCdsLog,ClrUsrCmdsLg,ClrUsrCmdsL,ClrUsrCmdsLog,ClrUsrComdsLg,ClrUsrComdsL,ClrUsrComdsLog,ClrUsrComndsLg,ClrUsrComndsL,ClrUsrComndsLog,ClarUserCommandsLg,ClarUserCommandsL,ClarUserCommandsLog,ClarUserCdsLg,ClarUserCdsL,ClarUserCdsLog,ClarUserCmdsLg,ClarUserCmdsL,ClarUserCmdsLog,ClarUserComdsLg,ClarUserComdsL,ClarUserComdsLog,ClarUserComndsLg,ClarUserComndsL,ClarUserComndsLog,ClarUCommandsLg,ClarUCommandsL,ClarUCommandsLog,ClarUCdsLg,ClarUCdsL,ClarUCdsLog,ClarUCmdsLg,ClarUCmdsL,ClarUCmdsLog,ClarUComdsLg,ClarUComdsL,ClarUComdsLog,ClarUComndsLg,ClarUComndsL,ClarUComndsLog,ClarUrCommandsLg,ClarUrCommandsL,ClarUrCommandsLog,ClarUrCdsLg,ClarUrCdsL,ClarUrCdsLog,ClarUrCmdsLg,ClarUrCmdsL,ClarUrCmdsLog,ClarUrComdsLg,ClarUrComdsL,ClarUrComdsLog,ClarUrComndsLg,ClarUrComndsL,ClarUrComndsLog,ClarUsrCommandsLg,ClarUsrCommandsL,ClarUsrCommandsLog,ClarUsrCdsLg,ClarUsrCdsL,ClarUsrCdsLog,ClarUsrCmdsLg,ClarUsrCmdsL,ClarUsrCmdsLog,ClarUsrComdsLg,ClarUsrComdsL,ClarUsrComdsLog,ClarUsrComndsLg,ClarUsrComndsL,ClarUsrComndsLog,ClerUserCommandsLg,ClerUserCommandsL,ClerUserCommandsLog,ClerUserCdsLg,ClerUserCdsL,ClerUserCdsLog,ClerUserCmdsLg,ClerUserCmdsL,ClerUserCmdsLog,ClerUserComdsLg,ClerUserComdsL,ClerUserComdsLog,ClerUserComndsLg,ClerUserComndsL,ClerUserComndsLog,ClerUCommandsLg,ClerUCommandsL,ClerUCommandsLog,ClerUCdsLg,ClerUCdsL,ClerUCdsLog,ClerUCmdsLg,ClerUCmdsL,ClerUCmdsLog,ClerUComdsLg,ClerUComdsL,ClerUComdsLog,ClerUComndsLg,ClerUComndsL,ClerUComndsLog,ClerUrCommandsLg,ClerUrCommandsL,ClerUrCommandsLog,ClerUrCdsLg,ClerUrCdsL,ClerUrCdsLog,ClerUrCmdsLg,ClerUrCmdsL,ClerUrCmdsLog,ClerUrComdsLg,ClerUrComdsL,ClerUrComdsLog,ClerUrComndsLg,ClerUrComndsL,ClerUrComndsLog,ClerUsrCommandsLg,ClerUsrCommandsL,ClerUsrCommandsLog,ClerUsrCdsLg,ClerUsrCdsL,ClerUsrCdsLog,ClerUsrCmdsLg,ClerUsrCmdsL,ClerUsrCmdsLog,ClerUsrComdsLg,ClerUsrComdsL,ClerUsrComdsLog,ClerUsrComndsLg,ClerUsrComndsL" Description="Wipes out the user command log, destroying all evidence of whatever commands the user has entered."/>
    <Command Name="clearAllCommandsLog" Aliases="ClearAllCommandsLg,ClearAllCommandsL,ClearAllCommandsLog,ClearAllCdsLg,ClearAllCdsL,ClearAllCdsLog,ClearAllCmdsLg,ClearAllCmdsL,ClearAllCmdsLog,ClearAllComdsLg,ClearAllComdsL,ClearAllComdsLog,ClearAllComndsLg,ClearAllComndsL,ClearAllComndsLog,ClearACommandsLg,ClearACommandsL,ClearACommandsLog,ClearACdsLg,ClearACdsL,ClearACdsLog,ClearACmdsLg,ClearACmdsL,ClearACmdsLog,ClearAComdsLg,ClearAComdsL,ClearAComdsLog,ClearAComndsLg,ClearAComndsL,ClearAComndsLog,ClearAlCommandsLg,ClearAlCommandsL,ClearAlCommandsLog,ClearAlCdsLg,ClearAlCdsL,ClearAlCdsLog,ClearAlCmdsLg,ClearAlCmdsL,ClearAlCmdsLog,ClearAlComdsLg,ClearAlComdsL,ClearAlComdsLog,ClearAlComndsLg,ClearAlComndsL,ClearAlComndsLog,CAllCommandsLg,CAllCommandsL,CAllCommandsLog,CAllCdsLg,CAllCdsL,CAllCdsLog,CAllCmdsLg,CAllCmdsL,CAllCmdsLog,CAllComdsLg,CAllComdsL,CAllComdsLog,CAllComndsLg,CAllComndsL,CAllComndsLog,CACommandsLg,CACommandsL,CACommandsLog,CACdsLg,CACdsL,CACdsLog,CACmdsLg,CACmdsL,CACmdsLog,CAComdsLg,CAComdsL,CAComdsLog,CAComndsLg,CAComndsL,CAComndsLog,CAlCommandsLg,CAlCommandsL,CAlCommandsLog,CAlCdsLg,CAlCdsL,CAlCdsLog,CAlCmdsLg,CAlCmdsL,CAlCmdsLog,CAlComdsLg,CAlComdsL,CAlComdsLog,CAlComndsLg,CAlComndsL,CAlComndsLog,ClAllCommandsLg,ClAllCommandsL,ClAllCommandsLog,ClAllCdsLg,ClAllCdsL,ClAllCdsLog,ClAllCmdsLg,ClAllCmdsL,ClAllCmdsLog,ClAllComdsLg,ClAllComdsL,ClAllComdsLog,ClAllComndsLg,ClAllComndsL,ClAllComndsLog,ClACommandsLg,ClACommandsL,ClACommandsLog,ClACdsLg,ClACdsL,ClACdsLog,ClACmdsLg,ClACmdsL,ClACmdsLog,ClAComdsLg,ClAComdsL,ClAComdsLog,ClAComndsLg,ClAComndsL,ClAComndsLog,ClAlCommandsLg,ClAlCommandsL,ClAlCommandsLog,ClAlCdsLg,ClAlCdsL,ClAlCdsLog,ClAlCmdsLg,ClAlCmdsL,ClAlCmdsLog,ClAlComdsLg,ClAlComdsL,ClAlComdsLog,ClAlComndsLg,ClAlComndsL,ClAlComndsLog,ClrAllCommandsLg,ClrAllCommandsL,ClrAllCommandsLog,ClrAllCdsLg,ClrAllCdsL,ClrAllCdsLog,ClrAllCmdsLg,ClrAllCmdsL,ClrAllCmdsLog,ClrAllComdsLg,ClrAllComdsL,ClrAllComdsLog,ClrAllComndsLg,ClrAllComndsL,ClrAllComndsLog,ClrACommandsLg,ClrACommandsL,ClrACommandsLog,ClrACdsLg,ClrACdsL,ClrACdsLog,ClrACmdsLg,ClrACmdsL,ClrACmdsLog,ClrAComdsLg,ClrAComdsL,ClrAComdsLog,ClrAComndsLg,ClrAComndsL,ClrAComndsLog,ClrAlCommandsLg,ClrAlCommandsL,ClrAlCommandsLog,ClrAlCdsLg,ClrAlCdsL,ClrAlCdsLog,ClrAlCmdsLg,ClrAlCmdsL,ClrAlCmdsLog,ClrAlComdsLg,ClrAlComdsL,ClrAlComdsLog,ClrAlComndsLg,ClrAlComndsL,ClrAlComndsLog,ClarAllCommandsLg,ClarAllCommandsL,ClarAllCommandsLog,ClarAllCdsLg,ClarAllCdsL,ClarAllCdsLog,ClarAllCmdsLg,ClarAllCmdsL,ClarAllCmdsLog,ClarAllComdsLg,ClarAllComdsL,ClarAllComdsLog,ClarAllComndsLg,ClarAllComndsL,ClarAllComndsLog,ClarACommandsLg,ClarACommandsL,ClarACommandsLog,ClarACdsLg,ClarACdsL,ClarACdsLog,ClarACmdsLg,ClarACmdsL,ClarACmdsLog,ClarAComdsLg,ClarAComdsL,ClarAComdsLog,ClarAComndsLg,ClarAComndsL,ClarAComndsLog,ClarAlCommandsLg,ClarAlCommandsL,ClarAlCommandsLog,ClarAlCdsLg,ClarAlCdsL,ClarAlCdsLog,ClarAlCmdsLg,ClarAlCmdsL,ClarAlCmdsLog,ClarAlComdsLg,ClarAlComdsL,ClarAlComdsLog,ClarAlComndsLg,ClarAlComndsL,ClarAlComndsLog,ClerAllCommandsLg,ClerAllCommandsL,ClerAllCommandsLog,ClerAllCdsLg,ClerAllCdsL,ClerAllCdsLog,ClerAllCmdsLg,ClerAllCmdsL,ClerAllCmdsLog,ClerAllComdsLg,ClerAllComdsL,ClerAllComdsLog,ClerAllComndsLg,ClerAllComndsL,ClerAllComndsLog,ClerACommandsLg,ClerACommandsL,ClerACommandsLog,ClerACdsLg,ClerACdsL,ClerACdsLog,ClerACmdsLg,ClerACmdsL,ClerACmdsLog,ClerAComdsLg,ClerAComdsL,ClerAComdsLog,ClerAComndsLg,ClerAComndsL,ClerAComndsLog,ClerAlCommandsLg,ClerAlCommandsL,ClerAlCommandsLog,ClerAlCdsLg,ClerAlCdsL,ClerAlCdsLog,ClerAlCmdsLg,ClerAlCmdsL,ClerAlCmdsLog,ClerAlComdsLg,ClerAlComdsL,ClerAlComdsLog,ClerAlComndsLg,ClerAlComndsL" Description="Wipes out the all commands log, destroying all evidence of whatever commands were executed by the system."/>
  </system>
</CommandsAliases>
