{
  "debugFiles|debugSetting.framework.main": false,
  "debugFiles|debugSetting.framework.main@ModuleFontStyle": "Bold|Underline",
  "debugFiles|debugSetting.framework.main@FunctionFontStyle": "Bold|Underline",
  "debugFiles|debugSetting.framework.main@MessageFontStyle": "Underline",
  "debugFiles|debugSetting.framework.main@DataFontStyle": "Bold",
  "debugFiles|debugSetting.framework.main@ModuleFontColor": "Yellow",
  "debugFiles|debugSetting.framework.main@FunctionFontColor": "White",
  "debugFiles|debugSetting.framework.main@MessageFontColor": "Yellow",
  "debugFiles|debugSetting.framework.main@DataFontColor": "White",
  "debugFiles|debugSetting.framework.main@ModuleFontBackgroundColor": "Black",
  "debugFiles|debugSetting.framework.main@FunctionFontBackgroundColor": "Black",
  "debugFiles|debugSetting.framework.main@MessageFontBackgroundColor": "Black",
  "debugFiles|debugSetting.framework.main@DataFontBackgroundColor": "Black",
  "debugFunctions|debugSetting.framework.main.initFramework": false,
  "debugFunctions|debugSetting.framework.main.initFramework@ModuleFontStyle": "Default",
  "debugFunctions|debugSetting.framework.main.initFramework@FunctionFontStyle": "Default",
  "debugFunctions|debugSetting.framework.main.initFramework@MessageFontStyle": "Default",
  "debugFunctions|debugSetting.framework.main.initFramework@DataFontStyle": "Default",
  "debugFunctions|debugSetting.framework.main.initFramework@ModuleFontColor": "Default",
  "debugFunctions|debugSetting.framework.main.initFramework@FunctionFontColor": "Default",
  "debugFunctions|debugSetting.framework.main.initFramework@MessageFontColor": "Default",
  "debugFunctions|debugSetting.framework.main.initFramework@DataFontColor": "Default",
  "debugFunctions|debugSetting.framework.main.initFramework@ModuleFontBackgroundColor": "Default",
  "debugFunctions|debugSetting.framework.main.initFramework@FunctionFontBackgroundColor": "Default",
  "debugFunctions|debugSetting.framework.main.initFramework@MessageFontBackgroundColor": "Default",
  "debugFunctions|debugSetting.framework.main.initFramework@DataFontBackgroundColor": "Default",
  "debugFunctions|debugSetting.framework.main.getFrameworkData": false,
  "debugFunctions|debugSetting.framework.main.getFrameworkData@ModuleFontStyle": "Default",
  "debugFunctions|debugSetting.framework.main.getFrameworkData@FunctionFontStyle": "Default",
  "debugFunctions|debugSetting.framework.main.getFrameworkData@MessageFontStyle": "Default",
  "debugFunctions|debugSetting.framework.main.getFrameworkData@DataFontStyle": "Default",
  "debugFunctions|debugSetting.framework.main.getFrameworkData@ModuleFontColor": "Default",
  "debugFunctions|debugSetting.framework.main.getFrameworkData@FunctionFontColor": "Default",
  "debugFunctions|debugSetting.framework.main.getFrameworkData@MessageFontColor": "Default",
  "debugFunctions|debugSetting.framework.main.getFrameworkData@DataFontColor": "Default",
  "debugFunctions|debugSetting.framework.main.getFrameworkData@ModuleFontBackgroundColor": "Default",
  "debugFunctions|debugSetting.framework.main.getFrameworkData@FunctionFontBackgroundColor": "Default",
  "debugFunctions|debugSetting.framework.main.getFrameworkData@MessageFontBackgroundColor": "Default",
  "debugFunctions|debugSetting.framework.main.getFrameworkData@DataFontBackgroundColor": "Default",
  "debugFunctions|debugSetting.framework.main.mergeClientBusinessRules": false,
  "debugFunctions|debugSetting.framework.main.mergeClientBusinessRules@ModuleFontStyle": "Default",
  "debugFunctions|debugSetting.framework.main.mergeClientBusinessRules@FunctionFontStyle": "Default",
  "debugFunctions|debugSetting.framework.main.mergeClientBusinessRules@MessageFontStyle": "Default",
  "debugFunctions|debugSetting.framework.main.mergeClientBusinessRules@DataFontStyle": "Default",
  "debugFunctions|debugSetting.framework.main.mergeClientBusinessRules@ModuleFontColor": "Default",
  "debugFunctions|debugSetting.framework.main.mergeClientBusinessRules@FunctionFontColor": "Default",
  "debugFunctions|debugSetting.framework.main.mergeClientBusinessRules@MessageFontColor": "Default",
  "debugFunctions|debugSetting.framework.main.mergeClientBusinessRules@DataFontColor": "Default",
  "debugFunctions|debugSetting.framework.main.mergeClientBusinessRules@ModuleFontBackgroundColor": "Default",
  "debugFunctions|debugSetting.framework.main.mergeClientBusinessRules@FunctionFontBackgroundColor": "Default",
  "debugFunctions|debugSetting.framework.main.mergeClientBusinessRules@MessageFontBackgroundColor": "Default",
  "debugFunctions|debugSetting.framework.main.mergeClientBusinessRules@DataFontBackgroundColor": "Default",
  "debugFunctions|debugSetting.framework.main.mergeClientCommands": false,
  "debugFunctions|debugSetting.framework.main.mergeClientCommands@ModuleFontStyle": "Default",
  "debugFunctions|debugSetting.framework.main.mergeClientCommands@FunctionFontStyle": "Default",
  "debugFunctions|debugSetting.framework.main.mergeClientCommands@MessageFontStyle": "Default",
  "debugFunctions|debugSetting.framework.main.mergeClientCommands@DataFontStyle": "Default",
  "debugFunctions|debugSetting.framework.main.mergeClientCommands@ModuleFontColor": "Default",
  "debugFunctions|debugSetting.framework.main.mergeClientCommands@FunctionFontColor": "Default",
  "debugFunctions|debugSetting.framework.main.mergeClientCommands@MessageFontColor": "Default",
  "debugFunctions|debugSetting.framework.main.mergeClientCommands@DataFontColor": "Default",
  "debugFunctions|debugSetting.framework.main.mergeClientCommands@ModuleFontBackgroundColor": "Default",
  "debugFunctions|debugSetting.framework.main.mergeClientCommands@FunctionFontBackgroundColor": "Default",
  "debugFunctions|debugSetting.framework.main.mergeClientCommands@MessageFontBackgroundColor": "Default",
  "debugFunctions|debugSetting.framework.main.mergeClientCommands@DataFontBackgroundColor": "Default",
  "debugFunctions|debugSetting.framework.main.loadCommandAliases": false,
  "debugFunctions|debugSetting.framework.main.loadCommandAliases@ModuleFontStyle": "Default",
  "debugFunctions|debugSetting.framework.main.loadCommandAliases@FunctionFontStyle": "Default",
  "debugFunctions|debugSetting.framework.main.loadCommandAliases@MessageFontStyle": "Default",
  "debugFunctions|debugSetting.framework.main.loadCommandAliases@DataFontStyle": "Default",
  "debugFunctions|debugSetting.framework.main.loadCommandAliases@ModuleFontColor": "Default",
  "debugFunctions|debugSetting.framework.main.loadCommandAliases@FunctionFontColor": "Default",
  "debugFunctions|debugSetting.framework.main.loadCommandAliases@MessageFontColor": "Default",
  "debugFunctions|debugSetting.framework.main.loadCommandAliases@DataFontColor": "Default",
  "debugFunctions|debugSetting.framework.main.loadCommandAliases@ModuleFontBackgroundColor": "Default",
  "debugFunctions|debugSetting.framework.main.loadCommandAliases@FunctionFontBackgroundColor": "Default",
  "debugFunctions|debugSetting.framework.main.loadCommandAliases@MessageFontBackgroundColor": "Default",
  "debugFunctions|debugSetting.framework.main.loadCommandAliases@DataFontBackgroundColor": "Default",
  "debugFunctions|debugSetting.framework.main.loadCommandWorkflows": false,
  "debugFunctions|debugSetting.framework.main.loadCommandWorkflows@ModuleFontStyle": "Default",
  "debugFunctions|debugSetting.framework.main.loadCommandWorkflows@FunctionFontStyle": "Default",
  "debugFunctions|debugSetting.framework.main.loadCommandWorkflows@MessageFontStyle": "Default",
  "debugFunctions|debugSetting.framework.main.loadCommandWorkflows@DataFontStyle": "Default",
  "debugFunctions|debugSetting.framework.main.loadCommandWorkflows@ModuleFontColor": "Default",
  "debugFunctions|debugSetting.framework.main.loadCommandWorkflows@FunctionFontColor": "Default",
  "debugFunctions|debugSetting.framework.main.loadCommandWorkflows@MessageFontColor": "Default",
  "debugFunctions|debugSetting.framework.main.loadCommandWorkflows@DataFontColor": "Default",
  "debugFunctions|debugSetting.framework.main.loadCommandWorkflows@ModuleFontBackgroundColor": "Default",
  "debugFunctions|debugSetting.framework.main.loadCommandWorkflows@FunctionFontBackgroundColor": "Default",
  "debugFunctions|debugSetting.framework.main.loadCommandWorkflows@MessageFontBackgroundColor": "Default",
  "debugFunctions|debugSetting.framework.main.loadCommandWorkflows@DataFontBackgroundColor": "Default",
  "debugFunctions|debugSetting.framework.main.listLoadedPlugins": false,
  "debugFunctions|debugSetting.framework.main.listLoadedPlugins@ModuleFontStyle": "Default",
  "debugFunctions|debugSetting.framework.main.listLoadedPlugins@FunctionFontStyle": "Default",
  "debugFunctions|debugSetting.framework.main.listLoadedPlugins@MessageFontStyle": "Default",
  "debugFunctions|debugSetting.framework.main.listLoadedPlugins@DataFontStyle": "Default",
  "debugFunctions|debugSetting.framework.main.listLoadedPlugins@ModuleFontColor": "Default",
  "debugFunctions|debugSetting.framework.main.listLoadedPlugins@FunctionFontColor": "Default",
  "debugFunctions|debugSetting.framework.main.listLoadedPlugins@MessageFontColor": "Default",
  "debugFunctions|debugSetting.framework.main.listLoadedPlugins@DataFontColor": "Default",
  "debugFunctions|debugSetting.framework.main.listLoadedPlugins@ModuleFontBackgroundColor": "Default",
  "debugFunctions|debugSetting.framework.main.listLoadedPlugins@FunctionFontBackgroundColor": "Default",
  "debugFunctions|debugSetting.framework.main.listLoadedPlugins@MessageFontBackgroundColor": "Default",
  "debugFunctions|debugSetting.framework.main.listLoadedPlugins@DataFontBackgroundColor": "Default",
  "debugFunctions|debugSetting.framework.main.listAllPluginsInRegistry": false,
  "debugFunctions|debugSetting.framework.main.listAllPluginsInRegistry@ModuleFontStyle": "Default",
  "debugFunctions|debugSetting.framework.main.listAllPluginsInRegistry@FunctionFontStyle": "Default",
  "debugFunctions|debugSetting.framework.main.listAllPluginsInRegistry@MessageFontStyle": "Default",
  "debugFunctions|debugSetting.framework.main.listAllPluginsInRegistry@DataFontStyle": "Default",
  "debugFunctions|debugSetting.framework.main.listAllPluginsInRegistry@ModuleFontColor": "Default",
  "debugFunctions|debugSetting.framework.main.listAllPluginsInRegistry@FunctionFontColor": "Default",
  "debugFunctions|debugSetting.framework.main.listAllPluginsInRegistry@MessageFontColor": "Default",
  "debugFunctions|debugSetting.framework.main.listAllPluginsInRegistry@DataFontColor": "Default",
  "debugFunctions|debugSetting.framework.main.listAllPluginsInRegistry@ModuleFontBackgroundColor": "Default",
  "debugFunctions|debugSetting.framework.main.listAllPluginsInRegistry@FunctionFontBackgroundColor": "Default",
  "debugFunctions|debugSetting.framework.main.listAllPluginsInRegistry@MessageFontBackgroundColor": "Default",
  "debugFunctions|debugSetting.framework.main.listAllPluginsInRegistry@DataFontBackgroundColor": "Default",
  "debugFunctions|debugSetting.framework.main.listAllPluginsInRegistryPath": false,
  "debugFunctions|debugSetting.framework.main.listAllPluginsInRegistryPath@ModuleFontStyle": "Default",
  "debugFunctions|debugSetting.framework.main.listAllPluginsInRegistryPath@FunctionFontStyle": "Default",
  "debugFunctions|debugSetting.framework.main.listAllPluginsInRegistryPath@MessageFontStyle": "Default",
  "debugFunctions|debugSetting.framework.main.listAllPluginsInRegistryPath@DataFontStyle": "Default",
  "debugFunctions|debugSetting.framework.main.listAllPluginsInRegistryPath@ModuleFontColor": "Default",
  "debugFunctions|debugSetting.framework.main.listAllPluginsInRegistryPath@FunctionFontColor": "Default",
  "debugFunctions|debugSetting.framework.main.listAllPluginsInRegistryPath@MessageFontColor": "Default",
  "debugFunctions|debugSetting.framework.main.listAllPluginsInRegistryPath@DataFontColor": "Default",
  "debugFunctions|debugSetting.framework.main.listAllPluginsInRegistryPath@ModuleFontBackgroundColor": "Default",
  "debugFunctions|debugSetting.framework.main.listAllPluginsInRegistryPath@FunctionFontBackgroundColor": "Default",
  "debugFunctions|debugSetting.framework.main.listAllPluginsInRegistryPath@MessageFontBackgroundColor": "Default",
  "debugFunctions|debugSetting.framework.main.listAllPluginsInRegistryPath@DataFontBackgroundColor": "Default",
  "debugFunctions|debugSetting.framework.main.numberOfPluginsInRegistry": false,
  "debugFunctions|debugSetting.framework.main.numberOfPluginsInRegistry@ModuleFontStyle": "Default",
  "debugFunctions|debugSetting.framework.main.numberOfPluginsInRegistry@FunctionFontStyle": "Default",
  "debugFunctions|debugSetting.framework.main.numberOfPluginsInRegistry@MessageFontStyle": "Default",
  "debugFunctions|debugSetting.framework.main.numberOfPluginsInRegistry@DataFontStyle": "Default",
  "debugFunctions|debugSetting.framework.main.numberOfPluginsInRegistry@ModuleFontColor": "Default",
  "debugFunctions|debugSetting.framework.main.numberOfPluginsInRegistry@FunctionFontColor": "Default",
  "debugFunctions|debugSetting.framework.main.numberOfPluginsInRegistry@MessageFontColor": "Default",
  "debugFunctions|debugSetting.framework.main.numberOfPluginsInRegistry@DataFontColor": "Default",
  "debugFunctions|debugSetting.framework.main.numberOfPluginsInRegistry@ModuleFontBackgroundColor": "Default",
  "debugFunctions|debugSetting.framework.main.numberOfPluginsInRegistry@FunctionFontBackgroundColor": "Default",
  "debugFunctions|debugSetting.framework.main.numberOfPluginsInRegistry@MessageFontBackgroundColor": "Default",
  "debugFunctions|debugSetting.framework.main.numberOfPluginsInRegistry@DataFontBackgroundColor": "Default",
  "debugFunctions|debugSetting.framework.main.numberOfPluginsInRegistryPath": false,
  "debugFunctions|debugSetting.framework.main.numberOfPluginsInRegistryPath@ModuleFontStyle": "Default",
  "debugFunctions|debugSetting.framework.main.numberOfPluginsInRegistryPath@FunctionFontStyle": "Default",
  "debugFunctions|debugSetting.framework.main.numberOfPluginsInRegistryPath@MessageFontStyle": "Default",
  "debugFunctions|debugSetting.framework.main.numberOfPluginsInRegistryPath@DataFontStyle": "Default",
  "debugFunctions|debugSetting.framework.main.numberOfPluginsInRegistryPath@ModuleFontColor": "Default",
  "debugFunctions|debugSetting.framework.main.numberOfPluginsInRegistryPath@FunctionFontColor": "Default",
  "debugFunctions|debugSetting.framework.main.numberOfPluginsInRegistryPath@MessageFontColor": "Default",
  "debugFunctions|debugSetting.framework.main.numberOfPluginsInRegistryPath@DataFontColor": "Default",
  "debugFunctions|debugSetting.framework.main.numberOfPluginsInRegistryPath@ModuleFontBackgroundColor": "Default",
  "debugFunctions|debugSetting.framework.main.numberOfPluginsInRegistryPath@FunctionFontBackgroundColor": "Default",
  "debugFunctions|debugSetting.framework.main.numberOfPluginsInRegistryPath@MessageFontBackgroundColor": "Default",
  "debugFunctions|debugSetting.framework.main.numberOfPluginsInRegistryPath@DataFontBackgroundColor": "Default",
  "debugFunctions|debugSetting.framework.main.registerPluginByNameAndPath": false,
  "debugFunctions|debugSetting.framework.main.registerPluginByNameAndPath@ModuleFontStyle": "Default",
  "debugFunctions|debugSetting.framework.main.registerPluginByNameAndPath@FunctionFontStyle": "Default",
  "debugFunctions|debugSetting.framework.main.registerPluginByNameAndPath@MessageFontStyle": "Default",
  "debugFunctions|debugSetting.framework.main.registerPluginByNameAndPath@DataFontStyle": "Default",
  "debugFunctions|debugSetting.framework.main.registerPluginByNameAndPath@ModuleFontColor": "Default",
  "debugFunctions|debugSetting.framework.main.registerPluginByNameAndPath@FunctionFontColor": "Default",
  "debugFunctions|debugSetting.framework.main.registerPluginByNameAndPath@MessageFontColor": "Default",
  "debugFunctions|debugSetting.framework.main.registerPluginByNameAndPath@DataFontColor": "Default",
  "debugFunctions|debugSetting.framework.main.registerPluginByNameAndPath@ModuleFontBackgroundColor": "Default",
  "debugFunctions|debugSetting.framework.main.registerPluginByNameAndPath@FunctionFontBackgroundColor": "Default",
  "debugFunctions|debugSetting.framework.main.registerPluginByNameAndPath@MessageFontBackgroundColor": "Default",
  "debugFunctions|debugSetting.framework.main.registerPluginByNameAndPath@DataFontBackgroundColor": "Default",
  "debugFunctions|debugSetting.framework.main.unregisterPluginByName": false,
  "debugFunctions|debugSetting.framework.main.unregisterPluginByName@ModuleFontStyle": "Default",
  "debugFunctions|debugSetting.framework.main.unregisterPluginByName@FunctionFontStyle": "Default",
  "debugFunctions|debugSetting.framework.main.unregisterPluginByName@MessageFontStyle": "Default",
  "debugFunctions|debugSetting.framework.main.unregisterPluginByName@DataFontStyle": "Default",
  "debugFunctions|debugSetting.framework.main.unregisterPluginByName@ModuleFontColor": "Default",
  "debugFunctions|debugSetting.framework.main.unregisterPluginByName@FunctionFontColor": "Default",
  "debugFunctions|debugSetting.framework.main.unregisterPluginByName@MessageFontColor": "Default",
  "debugFunctions|debugSetting.framework.main.unregisterPluginByName@DataFontColor": "Default",
  "debugFunctions|debugSetting.framework.main.unregisterPluginByName@ModuleFontBackgroundColor": "Default",
  "debugFunctions|debugSetting.framework.main.unregisterPluginByName@FunctionFontBackgroundColor": "Default",
  "debugFunctions|debugSetting.framework.main.unregisterPluginByName@MessageFontBackgroundColor": "Default",
  "debugFunctions|debugSetting.framework.main.unregisterPluginByName@DataFontBackgroundColor": "Default",
  "debugFunctions|debugSetting.framework.main.unregisterPlugins": false,
  "debugFunctions|debugSetting.framework.main.unregisterPlugins@ModuleFontStyle": "Default",
  "debugFunctions|debugSetting.framework.main.unregisterPlugins@FunctionFontStyle": "Default",
  "debugFunctions|debugSetting.framework.main.unregisterPlugins@MessageFontStyle": "Default",
  "debugFunctions|debugSetting.framework.main.unregisterPlugins@DataFontStyle": "Default",
  "debugFunctions|debugSetting.framework.main.unregisterPlugins@ModuleFontColor": "Default",
  "debugFunctions|debugSetting.framework.main.unregisterPlugins@FunctionFontColor": "Default",
  "debugFunctions|debugSetting.framework.main.unregisterPlugins@MessageFontColor": "Default",
  "debugFunctions|debugSetting.framework.main.unregisterPlugins@DataFontColor": "Default",
  "debugFunctions|debugSetting.framework.main.unregisterPlugins@ModuleFontBackgroundColor": "Default",
  "debugFunctions|debugSetting.framework.main.unregisterPlugins@FunctionFontBackgroundColor": "Default",
  "debugFunctions|debugSetting.framework.main.unregisterPlugins@MessageFontBackgroundColor": "Default",
  "debugFunctions|debugSetting.framework.main.unregisterPlugins@DataFontBackgroundColor": "Default",
  "debugFunctions|debugSetting.framework.main.syncPluginRegistryWithPath": false,
  "debugFunctions|debugSetting.framework.main.syncPluginRegistryWithPath@ModuleFontStyle": "Default",
  "debugFunctions|debugSetting.framework.main.syncPluginRegistryWithPath@FunctionFontStyle": "Default",
  "debugFunctions|debugSetting.framework.main.syncPluginRegistryWithPath@MessageFontStyle": "Default",
  "debugFunctions|debugSetting.framework.main.syncPluginRegistryWithPath@DataFontStyle": "Default",
  "debugFunctions|debugSetting.framework.main.syncPluginRegistryWithPath@ModuleFontColor": "Default",
  "debugFunctions|debugSetting.framework.main.syncPluginRegistryWithPath@FunctionFontColor": "Default",
  "debugFunctions|debugSetting.framework.main.syncPluginRegistryWithPath@MessageFontColor": "Default",
  "debugFunctions|debugSetting.framework.main.syncPluginRegistryWithPath@DataFontColor": "Default",
  "debugFunctions|debugSetting.framework.main.syncPluginRegistryWithPath@ModuleFontBackgroundColor": "Default",
  "debugFunctions|debugSetting.framework.main.syncPluginRegistryWithPath@FunctionFontBackgroundColor": "Default",
  "debugFunctions|debugSetting.framework.main.syncPluginRegistryWithPath@MessageFontBackgroundColor": "Default",
  "debugFunctions|debugSetting.framework.main.syncPluginRegistryWithPath@DataFontBackgroundColor": "Default",
  "debugFunctions|debugSetting.framework.main.clearAllPluginRegistry": false,
  "debugFunctions|debugSetting.framework.main.clearAllPluginRegistry@ModuleFontStyle": "Default",
  "debugFunctions|debugSetting.framework.main.clearAllPluginRegistry@FunctionFontStyle": "Default",
  "debugFunctions|debugSetting.framework.main.clearAllPluginRegistry@MessageFontStyle": "Default",
  "debugFunctions|debugSetting.framework.main.clearAllPluginRegistry@DataFontStyle": "Default",
  "debugFunctions|debugSetting.framework.main.clearAllPluginRegistry@ModuleFontColor": "Default",
  "debugFunctions|debugSetting.framework.main.clearAllPluginRegistry@FunctionFontColor": "Default",
  "debugFunctions|debugSetting.framework.main.clearAllPluginRegistry@MessageFontColor": "Default",
  "debugFunctions|debugSetting.framework.main.clearAllPluginRegistry@DataFontColor": "Default",
  "debugFunctions|debugSetting.framework.main.clearAllPluginRegistry@ModuleFontBackgroundColor": "Default",
  "debugFunctions|debugSetting.framework.main.clearAllPluginRegistry@FunctionFontBackgroundColor": "Default",
  "debugFunctions|debugSetting.framework.main.clearAllPluginRegistry@MessageFontBackgroundColor": "Default",
  "debugFunctions|debugSetting.framework.main.clearAllPluginRegistry@DataFontBackgroundColor": "Default",
  "debugFunctions|debugSetting.framework.main.writePluginRegistryToDisk": false,
  "debugFunctions|debugSetting.framework.main.writePluginRegistryToDisk@ModuleFontStyle": "Default",
  "debugFunctions|debugSetting.framework.main.writePluginRegistryToDisk@FunctionFontStyle": "Default",
  "debugFunctions|debugSetting.framework.main.writePluginRegistryToDisk@MessageFontStyle": "Default",
  "debugFunctions|debugSetting.framework.main.writePluginRegistryToDisk@DataFontStyle": "Default",
  "debugFunctions|debugSetting.framework.main.writePluginRegistryToDisk@ModuleFontColor": "Default",
  "debugFunctions|debugSetting.framework.main.writePluginRegistryToDisk@FunctionFontColor": "Default",
  "debugFunctions|debugSetting.framework.main.writePluginRegistryToDisk@MessageFontColor": "Default",
  "debugFunctions|debugSetting.framework.main.writePluginRegistryToDisk@DataFontColor": "Default",
  "debugFunctions|debugSetting.framework.main.writePluginRegistryToDisk@ModuleFontBackgroundColor": "Default",
  "debugFunctions|debugSetting.framework.main.writePluginRegistryToDisk@FunctionFontBackgroundColor": "Default",
  "debugFunctions|debugSetting.framework.main.writePluginRegistryToDisk@MessageFontBackgroundColor": "Default",
  "debugFunctions|debugSetting.framework.main.writePluginRegistryToDisk@DataFontBackgroundColor": "Default",
  "debugFunctions|debugSetting.framework.main.loadPlugin": false,
  "debugFunctions|debugSetting.framework.main.loadPlugin@ModuleFontStyle": "Default",
  "debugFunctions|debugSetting.framework.main.loadPlugin@FunctionFontStyle": "Default",
  "debugFunctions|debugSetting.framework.main.loadPlugin@MessageFontStyle": "Default",
  "debugFunctions|debugSetting.framework.main.loadPlugin@DataFontStyle": "Default",
  "debugFunctions|debugSetting.framework.main.loadPlugin@ModuleFontColor": "Default",
  "debugFunctions|debugSetting.framework.main.loadPlugin@FunctionFontColor": "Default",
  "debugFunctions|debugSetting.framework.main.loadPlugin@MessageFontColor": "Default",
  "debugFunctions|debugSetting.framework.main.loadPlugin@DataFontColor": "Default",
  "debugFunctions|debugSetting.framework.main.loadPlugin@ModuleFontBackgroundColor": "Default",
  "debugFunctions|debugSetting.framework.main.loadPlugin@FunctionFontBackgroundColor": "Default",
  "debugFunctions|debugSetting.framework.main.loadPlugin@MessageFontBackgroundColor": "Default",
  "debugFunctions|debugSetting.framework.main.loadPlugin@DataFontBackgroundColor": "Default",
  "debugFunctions|debugSetting.framework.main.loadPlugins": false,
  "debugFunctions|debugSetting.framework.main.loadPlugins@ModuleFontStyle": "Default",
  "debugFunctions|debugSetting.framework.main.loadPlugins@FunctionFontStyle": "Default",
  "debugFunctions|debugSetting.framework.main.loadPlugins@MessageFontStyle": "Default",
  "debugFunctions|debugSetting.framework.main.loadPlugins@DataFontStyle": "Default",
  "debugFunctions|debugSetting.framework.main.loadPlugins@ModuleFontColor": "Default",
  "debugFunctions|debugSetting.framework.main.loadPlugins@FunctionFontColor": "Default",
  "debugFunctions|debugSetting.framework.main.loadPlugins@MessageFontColor": "Default",
  "debugFunctions|debugSetting.framework.main.loadPlugins@DataFontColor": "Default",
  "debugFunctions|debugSetting.framework.main.loadPlugins@ModuleFontBackgroundColor": "Default",
  "debugFunctions|debugSetting.framework.main.loadPlugins@FunctionFontBackgroundColor": "Default",
  "debugFunctions|debugSetting.framework.main.loadPlugins@MessageFontBackgroundColor": "Default",
  "debugFunctions|debugSetting.framework.main.loadPlugins@DataFontBackgroundColor": "Default",
  "debugFunctions|debugSetting.framework.main.loadPluginsFromRegistry": false,
  "debugFunctions|debugSetting.framework.main.loadPluginsFromRegistry@ModuleFontStyle": "Default",
  "debugFunctions|debugSetting.framework.main.loadPluginsFromRegistry@FunctionFontStyle": "Default",
  "debugFunctions|debugSetting.framework.main.loadPluginsFromRegistry@MessageFontStyle": "Default",
  "debugFunctions|debugSetting.framework.main.loadPluginsFromRegistry@DataFontStyle": "Default",
  "debugFunctions|debugSetting.framework.main.loadPluginsFromRegistry@ModuleFontColor": "Default",
  "debugFunctions|debugSetting.framework.main.loadPluginsFromRegistry@FunctionFontColor": "Default",
  "debugFunctions|debugSetting.framework.main.loadPluginsFromRegistry@MessageFontColor": "Default",
  "debugFunctions|debugSetting.framework.main.loadPluginsFromRegistry@DataFontColor": "Default",
  "debugFunctions|debugSetting.framework.main.loadPluginsFromRegistry@ModuleFontBackgroundColor": "Default",
  "debugFunctions|debugSetting.framework.main.loadPluginsFromRegistry@FunctionFontBackgroundColor": "Default",
  "debugFunctions|debugSetting.framework.main.loadPluginsFromRegistry@MessageFontBackgroundColor": "Default",
  "debugFunctions|debugSetting.framework.main.loadPluginsFromRegistry@DataFontBackgroundColor": "Default",
  "debugFunctions|debugSetting.framework.main.unloadPlugin": false,
  "debugFunctions|debugSetting.framework.main.unloadPlugin@ModuleFontStyle": "Default",
  "debugFunctions|debugSetting.framework.main.unloadPlugin@FunctionFontStyle": "Default",
  "debugFunctions|debugSetting.framework.main.unloadPlugin@MessageFontStyle": "Default",
  "debugFunctions|debugSetting.framework.main.unloadPlugin@DataFontStyle": "Default",
  "debugFunctions|debugSetting.framework.main.unloadPlugin@ModuleFontColor": "Default",
  "debugFunctions|debugSetting.framework.main.unloadPlugin@FunctionFontColor": "Default",
  "debugFunctions|debugSetting.framework.main.unloadPlugin@MessageFontColor": "Default",
  "debugFunctions|debugSetting.framework.main.unloadPlugin@DataFontColor": "Default",
  "debugFunctions|debugSetting.framework.main.unloadPlugin@ModuleFontBackgroundColor": "Default",
  "debugFunctions|debugSetting.framework.main.unloadPlugin@FunctionFontBackgroundColor": "Default",
  "debugFunctions|debugSetting.framework.main.unloadPlugin@MessageFontBackgroundColor": "Default",
  "debugFunctions|debugSetting.framework.main.unloadPlugin@DataFontBackgroundColor": "Default",
  "debugFunctions|debugSetting.framework.main.unloadPlugins": false,
  "debugFunctions|debugSetting.framework.main.unloadPlugins@ModuleFontStyle": "Default",
  "debugFunctions|debugSetting.framework.main.unloadPlugins@FunctionFontStyle": "Default",
  "debugFunctions|debugSetting.framework.main.unloadPlugins@MessageFontStyle": "Default",
  "debugFunctions|debugSetting.framework.main.unloadPlugins@DataFontStyle": "Default",
  "debugFunctions|debugSetting.framework.main.unloadPlugins@ModuleFontColor": "Default",
  "debugFunctions|debugSetting.framework.main.unloadPlugins@FunctionFontColor": "Default",
  "debugFunctions|debugSetting.framework.main.unloadPlugins@MessageFontColor": "Default",
  "debugFunctions|debugSetting.framework.main.unloadPlugins@DataFontColor": "Default",
  "debugFunctions|debugSetting.framework.main.unloadPlugins@ModuleFontBackgroundColor": "Default",
  "debugFunctions|debugSetting.framework.main.unloadPlugins@FunctionFontBackgroundColor": "Default",
  "debugFunctions|debugSetting.framework.main.unloadPlugins@MessageFontBackgroundColor": "Default",
  "debugFunctions|debugSetting.framework.main.unloadPlugins@DataFontBackgroundColor": "Default",
  "debugFunctions|debugSetting.framework.main.unloadAllPlugins": false,
  "debugFunctions|debugSetting.framework.main.unloadAllPlugins@ModuleFontStyle": "Default",
  "debugFunctions|debugSetting.framework.main.unloadAllPlugins@FunctionFontStyle": "Default",
  "debugFunctions|debugSetting.framework.main.unloadAllPlugins@MessageFontStyle": "Default",
  "debugFunctions|debugSetting.framework.main.unloadAllPlugins@DataFontStyle": "Default",
  "debugFunctions|debugSetting.framework.main.unloadAllPlugins@ModuleFontColor": "Default",
  "debugFunctions|debugSetting.framework.main.unloadAllPlugins@FunctionFontColor": "Default",
  "debugFunctions|debugSetting.framework.main.unloadAllPlugins@MessageFontColor": "Default",
  "debugFunctions|debugSetting.framework.main.unloadAllPlugins@DataFontColor": "Default",
  "debugFunctions|debugSetting.framework.main.unloadAllPlugins@ModuleFontBackgroundColor": "Default",
  "debugFunctions|debugSetting.framework.main.unloadAllPlugins@FunctionFontBackgroundColor": "Default",
  "debugFunctions|debugSetting.framework.main.unloadAllPlugins@MessageFontBackgroundColor": "Default",
  "debugFunctions|debugSetting.framework.main.unloadAllPlugins@DataFontBackgroundColor": "Default",
  "debugFunctions|debugSetting.framework.main.getPluginsRegistryPath": false,
  "debugFunctions|debugSetting.framework.main.getPluginsRegistryPath@ModuleFontStyle": "Default",
  "debugFunctions|debugSetting.framework.main.getPluginsRegistryPath@FunctionFontStyle": "Default",
  "debugFunctions|debugSetting.framework.main.getPluginsRegistryPath@MessageFontStyle": "Default",
  "debugFunctions|debugSetting.framework.main.getPluginsRegistryPath@DataFontStyle": "Default",
  "debugFunctions|debugSetting.framework.main.getPluginsRegistryPath@ModuleFontColor": "Default",
  "debugFunctions|debugSetting.framework.main.getPluginsRegistryPath@FunctionFontColor": "Default",
  "debugFunctions|debugSetting.framework.main.getPluginsRegistryPath@MessageFontColor": "Default",
  "debugFunctions|debugSetting.framework.main.getPluginsRegistryPath@DataFontColor": "Default",
  "debugFunctions|debugSetting.framework.main.getPluginsRegistryPath@ModuleFontBackgroundColor": "Default",
  "debugFunctions|debugSetting.framework.main.getPluginsRegistryPath@FunctionFontBackgroundColor": "Default",
  "debugFunctions|debugSetting.framework.main.getPluginsRegistryPath@MessageFontBackgroundColor": "Default",
  "debugFunctions|debugSetting.framework.main.getPluginsRegistryPath@DataFontBackgroundColor": "Default",
  "debugFunctions|debugSetting.framework.main.loadPluginResourceData": false,
  "debugFunctions|debugSetting.framework.main.loadPluginResourceData@ModuleFontStyle": "Default",
  "debugFunctions|debugSetting.framework.main.loadPluginResourceData@FunctionFontStyle": "Default",
  "debugFunctions|debugSetting.framework.main.loadPluginResourceData@MessageFontStyle": "Default",
  "debugFunctions|debugSetting.framework.main.loadPluginResourceData@DataFontStyle": "Default",
  "debugFunctions|debugSetting.framework.main.loadPluginResourceData@ModuleFontColor": "Default",
  "debugFunctions|debugSetting.framework.main.loadPluginResourceData@FunctionFontColor": "Default",
  "debugFunctions|debugSetting.framework.main.loadPluginResourceData@MessageFontColor": "Default",
  "debugFunctions|debugSetting.framework.main.loadPluginResourceData@DataFontColor": "Default",
  "debugFunctions|debugSetting.framework.main.loadPluginResourceData@ModuleFontBackgroundColor": "Default",
  "debugFunctions|debugSetting.framework.main.loadPluginResourceData@FunctionFontBackgroundColor": "Default",
  "debugFunctions|debugSetting.framework.main.loadPluginResourceData@MessageFontBackgroundColor": "Default",
  "debugFunctions|debugSetting.framework.main.loadPluginResourceData@DataFontBackgroundColor": "Default",
  "debugFunctions|debugSetting.framework.main.executeBusinessRules": false,
  "debugFunctions|debugSetting.framework.main.executeBusinessRules@ModuleFontStyle": "Default",
  "debugFunctions|debugSetting.framework.main.executeBusinessRules@FunctionFontStyle": "Default",
  "debugFunctions|debugSetting.framework.main.executeBusinessRules@MessageFontStyle": "Default",
  "debugFunctions|debugSetting.framework.main.executeBusinessRules@DataFontStyle": "Default",
  "debugFunctions|debugSetting.framework.main.executeBusinessRules@ModuleFontColor": "Default",
  "debugFunctions|debugSetting.framework.main.executeBusinessRules@FunctionFontColor": "Default",
  "debugFunctions|debugSetting.framework.main.executeBusinessRules@MessageFontColor": "Default",
  "debugFunctions|debugSetting.framework.main.executeBusinessRules@DataFontColor": "Default",
  "debugFunctions|debugSetting.framework.main.executeBusinessRules@ModuleFontBackgroundColor": "Default",
  "debugFunctions|debugSetting.framework.main.executeBusinessRules@FunctionFontBackgroundColor": "Default",
  "debugFunctions|debugSetting.framework.main.executeBusinessRules@MessageFontBackgroundColor": "Default",
  "debugFunctions|debugSetting.framework.main.executeBusinessRules@DataFontBackgroundColor": "Default",
  "debugFunctions|debugSetting.framework.main.enqueueCommand": false,
  "debugFunctions|debugSetting.framework.main.enqueueCommand@ModuleFontStyle": "Default",
  "debugFunctions|debugSetting.framework.main.enqueueCommand@FunctionFontStyle": "Default",
  "debugFunctions|debugSetting.framework.main.enqueueCommand@MessageFontStyle": "Default",
  "debugFunctions|debugSetting.framework.main.enqueueCommand@DataFontStyle": "Default",
  "debugFunctions|debugSetting.framework.main.enqueueCommand@ModuleFontColor": "Default",
  "debugFunctions|debugSetting.framework.main.enqueueCommand@FunctionFontColor": "Default",
  "debugFunctions|debugSetting.framework.main.enqueueCommand@MessageFontColor": "Default",
  "debugFunctions|debugSetting.framework.main.enqueueCommand@DataFontColor": "Default",
  "debugFunctions|debugSetting.framework.main.enqueueCommand@ModuleFontBackgroundColor": "Default",
  "debugFunctions|debugSetting.framework.main.enqueueCommand@FunctionFontBackgroundColor": "Default",
  "debugFunctions|debugSetting.framework.main.enqueueCommand@MessageFontBackgroundColor": "Default",
  "debugFunctions|debugSetting.framework.main.enqueueCommand@DataFontBackgroundColor": "Default",
  "debugFunctions|debugSetting.framework.main.isCommandQueueEmpty": false,
  "debugFunctions|debugSetting.framework.main.isCommandQueueEmpty@ModuleFontStyle": "Default",
  "debugFunctions|debugSetting.framework.main.isCommandQueueEmpty@FunctionFontStyle": "Default",
  "debugFunctions|debugSetting.framework.main.isCommandQueueEmpty@MessageFontStyle": "Default",
  "debugFunctions|debugSetting.framework.main.isCommandQueueEmpty@DataFontStyle": "Default",
  "debugFunctions|debugSetting.framework.main.isCommandQueueEmpty@ModuleFontColor": "Default",
  "debugFunctions|debugSetting.framework.main.isCommandQueueEmpty@FunctionFontColor": "Default",
  "debugFunctions|debugSetting.framework.main.isCommandQueueEmpty@MessageFontColor": "Default",
  "debugFunctions|debugSetting.framework.main.isCommandQueueEmpty@DataFontColor": "Default",
  "debugFunctions|debugSetting.framework.main.isCommandQueueEmpty@ModuleFontBackgroundColor": "Default",
  "debugFunctions|debugSetting.framework.main.isCommandQueueEmpty@FunctionFontBackgroundColor": "Default",
  "debugFunctions|debugSetting.framework.main.isCommandQueueEmpty@MessageFontBackgroundColor": "Default",
  "debugFunctions|debugSetting.framework.main.isCommandQueueEmpty@DataFontBackgroundColor": "Default",
  "debugFunctions|debugSetting.framework.main.processCommandQueue": false,
  "debugFunctions|debugSetting.framework.main.processCommandQueue@ModuleFontStyle": "Default",
  "debugFunctions|debugSetting.framework.main.processCommandQueue@FunctionFontStyle": "Default",
  "debugFunctions|debugSetting.framework.main.processCommandQueue@MessageFontStyle": "Default",
  "debugFunctions|debugSetting.framework.main.processCommandQueue@DataFontStyle": "Default",
  "debugFunctions|debugSetting.framework.main.processCommandQueue@ModuleFontColor": "Default",
  "debugFunctions|debugSetting.framework.main.processCommandQueue@FunctionFontColor": "Default",
  "debugFunctions|debugSetting.framework.main.processCommandQueue@MessageFontColor": "Default",
  "debugFunctions|debugSetting.framework.main.processCommandQueue@DataFontColor": "Default",
  "debugFunctions|debugSetting.framework.main.processCommandQueue@ModuleFontBackgroundColor": "Default",
  "debugFunctions|debugSetting.framework.main.processCommandQueue@FunctionFontBackgroundColor": "Default",
  "debugFunctions|debugSetting.framework.main.processCommandQueue@MessageFontBackgroundColor": "Default",
  "debugFunctions|debugSetting.framework.main.processCommandQueue@DataFontBackgroundColor": "Default",
  "debugFunctions|debugSetting.framework.main.setConfigurationSetting": false,
  "debugFunctions|debugSetting.framework.main.setConfigurationSetting@ModuleFontStyle": "Default",
  "debugFunctions|debugSetting.framework.main.setConfigurationSetting@FunctionFontStyle": "Default",
  "debugFunctions|debugSetting.framework.main.setConfigurationSetting@MessageFontStyle": "Default",
  "debugFunctions|debugSetting.framework.main.setConfigurationSetting@DataFontStyle": "Default",
  "debugFunctions|debugSetting.framework.main.setConfigurationSetting@ModuleFontColor": "Default",
  "debugFunctions|debugSetting.framework.main.setConfigurationSetting@FunctionFontColor": "Default",
  "debugFunctions|debugSetting.framework.main.setConfigurationSetting@MessageFontColor": "Default",
  "debugFunctions|debugSetting.framework.main.setConfigurationSetting@DataFontColor": "Default",
  "debugFunctions|debugSetting.framework.main.setConfigurationSetting@ModuleFontBackgroundColor": "Default",
  "debugFunctions|debugSetting.framework.main.setConfigurationSetting@FunctionFontBackgroundColor": "Default",
  "debugFunctions|debugSetting.framework.main.setConfigurationSetting@MessageFontBackgroundColor": "Default",
  "debugFunctions|debugSetting.framework.main.setConfigurationSetting@DataFontBackgroundColor": "Default",
  "debugFunctions|debugSetting.framework.main.getConfigurationSetting": false,
  "debugFunctions|debugSetting.framework.main.getConfigurationSetting@ModuleFontStyle": "Default",
  "debugFunctions|debugSetting.framework.main.getConfigurationSetting@FunctionFontStyle": "Default",
  "debugFunctions|debugSetting.framework.main.getConfigurationSetting@MessageFontStyle": "Default",
  "debugFunctions|debugSetting.framework.main.getConfigurationSetting@DataFontStyle": "Default",
  "debugFunctions|debugSetting.framework.main.getConfigurationSetting@ModuleFontColor": "Default",
  "debugFunctions|debugSetting.framework.main.getConfigurationSetting@FunctionFontColor": "Default",
  "debugFunctions|debugSetting.framework.main.getConfigurationSetting@MessageFontColor": "Default",
  "debugFunctions|debugSetting.framework.main.getConfigurationSetting@DataFontColor": "Default",
  "debugFunctions|debugSetting.framework.main.getConfigurationSetting@ModuleFontBackgroundColor": "Default",
  "debugFunctions|debugSetting.framework.main.getConfigurationSetting@FunctionFontBackgroundColor": "Default",
  "debugFunctions|debugSetting.framework.main.getConfigurationSetting@MessageFontBackgroundColor": "Default",
  "debugFunctions|debugSetting.framework.main.getConfigurationSetting@DataFontBackgroundColor": "Default"
}
