{
  "debugFiles|debugSetting.brokers.themeBroker": false,
  "debugFiles|debugSetting.brokers.themeBroker@ModuleFontStyle": "Bold|Underline",
  "debugFiles|debugSetting.brokers.themeBroker@FunctionFontStyle": "Bold|Underline",
  "debugFiles|debugSetting.brokers.themeBroker@MessageFontStyle": "Underline",
  "debugFiles|debugSetting.brokers.themeBroker@DataFontStyle": "Bold",
  "debugFiles|debugSetting.brokers.themeBroker@ModuleFontColor": "178,132,190",
  "debugFiles|debugSetting.brokers.themeBroker@FunctionFontColor": "Yellow",
  "debugFiles|debugSetting.brokers.themeBroker@MessageFontColor": "178,132,190",
  "debugFiles|debugSetting.brokers.themeBroker@DataFontColor": "Yellow",
  "debugFiles|debugSetting.brokers.themeBroker@ModuleFontBackgroundColor": "0,0,100",
  "debugFiles|debugSetting.brokers.themeBroker@FunctionFontBackgroundColor": "Black",
  "debugFiles|debugSetting.brokers.themeBroker@MessageFontBackgroundColor": "0,0,100",
  "debugFiles|debugSetting.brokers.themeBroker@DataFontBackgroundColor": "Black",
  "debugFunctions|debugSetting.brokers.themeBroker.initThemePathData": false,
  "debugFunctions|debugSetting.brokers.themeBroker.initThemePathData@ModuleFontStyle": "Default",
  "debugFunctions|debugSetting.brokers.themeBroker.initThemePathData@FunctionFontStyle": "Default",
  "debugFunctions|debugSetting.brokers.themeBroker.initThemePathData@MessageFontStyle": "Default",
  "debugFunctions|debugSetting.brokers.themeBroker.initThemePathData@DataFontStyle": "Default",
  "debugFunctions|debugSetting.brokers.themeBroker.initThemePathData@ModuleFontColor": "Default",
  "debugFunctions|debugSetting.brokers.themeBroker.initThemePathData@FunctionFontColor": "Default",
  "debugFunctions|debugSetting.brokers.themeBroker.initThemePathData@MessageFontColor": "Default",
  "debugFunctions|debugSetting.brokers.themeBroker.initThemePathData@DataFontColor": "Default",
  "debugFunctions|debugSetting.brokers.themeBroker.initThemePathData@ModuleFontBackgroundColor": "Default",
  "debugFunctions|debugSetting.brokers.themeBroker.initThemePathData@FunctionFontBackgroundColor": "Default",
  "debugFunctions|debugSetting.brokers.themeBroker.initThemePathData@MessageFontBackgroundColor": "Default",
  "debugFunctions|debugSetting.brokers.themeBroker.initThemePathData@DataFontBackgroundColor": "Default",
  "debugFunctions|debugSetting.brokers.themeBroker.addThemeData": false,
  "debugFunctions|debugSetting.brokers.themeBroker.addThemeData@ModuleFontStyle": "Default",
  "debugFunctions|debugSetting.brokers.themeBroker.addThemeData@FunctionFontStyle": "Default",
  "debugFunctions|debugSetting.brokers.themeBroker.addThemeData@MessageFontStyle": "Default",
  "debugFunctions|debugSetting.brokers.themeBroker.addThemeData@DataFontStyle": "Default",
  "debugFunctions|debugSetting.brokers.themeBroker.addThemeData@ModuleFontColor": "Default",
  "debugFunctions|debugSetting.brokers.themeBroker.addThemeData@FunctionFontColor": "Default",
  "debugFunctions|debugSetting.brokers.themeBroker.addThemeData@MessageFontColor": "Default",
  "debugFunctions|debugSetting.brokers.themeBroker.addThemeData@DataFontColor": "Default",
  "debugFunctions|debugSetting.brokers.themeBroker.addThemeData@ModuleFontBackgroundColor": "Default",
  "debugFunctions|debugSetting.brokers.themeBroker.addThemeData@FunctionFontBackgroundColor": "Default",
  "debugFunctions|debugSetting.brokers.themeBroker.addThemeData@MessageFontBackgroundColor": "Default",
  "debugFunctions|debugSetting.brokers.themeBroker.addThemeData@DataFontBackgroundColor": "Default",
  "debugFunctions|debugSetting.brokers.themeBroker.getNamedThemes": false,
  "debugFunctions|debugSetting.brokers.themeBroker.getNamedThemes@ModuleFontStyle": "Default",
  "debugFunctions|debugSetting.brokers.themeBroker.getNamedThemes@FunctionFontStyle": "Default",
  "debugFunctions|debugSetting.brokers.themeBroker.getNamedThemes@MessageFontStyle": "Default",
  "debugFunctions|debugSetting.brokers.themeBroker.getNamedThemes@DataFontStyle": "Default",
  "debugFunctions|debugSetting.brokers.themeBroker.getNamedThemes@ModuleFontColor": "Default",
  "debugFunctions|debugSetting.brokers.themeBroker.getNamedThemes@FunctionFontColor": "Default",
  "debugFunctions|debugSetting.brokers.themeBroker.getNamedThemes@MessageFontColor": "Default",
  "debugFunctions|debugSetting.brokers.themeBroker.getNamedThemes@DataFontColor": "Default",
  "debugFunctions|debugSetting.brokers.themeBroker.getNamedThemes@ModuleFontBackgroundColor": "Default",
  "debugFunctions|debugSetting.brokers.themeBroker.getNamedThemes@FunctionFontBackgroundColor": "Default",
  "debugFunctions|debugSetting.brokers.themeBroker.getNamedThemes@MessageFontBackgroundColor": "Default",
  "debugFunctions|debugSetting.brokers.themeBroker.getNamedThemes@DataFontBackgroundColor": "Default",
  "debugFunctions|debugSetting.brokers.themeBroker.getNamedThemePath": false,
  "debugFunctions|debugSetting.brokers.themeBroker.getNamedThemePath@ModuleFontStyle": "Default",
  "debugFunctions|debugSetting.brokers.themeBroker.getNamedThemePath@FunctionFontStyle": "Default",
  "debugFunctions|debugSetting.brokers.themeBroker.getNamedThemePath@MessageFontStyle": "Default",
  "debugFunctions|debugSetting.brokers.themeBroker.getNamedThemePath@DataFontStyle": "Default",
  "debugFunctions|debugSetting.brokers.themeBroker.getNamedThemePath@ModuleFontColor": "Default",
  "debugFunctions|debugSetting.brokers.themeBroker.getNamedThemePath@FunctionFontColor": "Default",
  "debugFunctions|debugSetting.brokers.themeBroker.getNamedThemePath@MessageFontColor": "Default",
  "debugFunctions|debugSetting.brokers.themeBroker.getNamedThemePath@DataFontColor": "Default",
  "debugFunctions|debugSetting.brokers.themeBroker.getNamedThemePath@ModuleFontBackgroundColor": "Default",
  "debugFunctions|debugSetting.brokers.themeBroker.getNamedThemePath@FunctionFontBackgroundColor": "Default",
  "debugFunctions|debugSetting.brokers.themeBroker.getNamedThemePath@MessageFontBackgroundColor": "Default",
  "debugFunctions|debugSetting.brokers.themeBroker.getNamedThemePath@DataFontBackgroundColor": "Default",
  "debugFunctions|debugSetting.brokers.themeBroker.loadTheme": false,
  "debugFunctions|debugSetting.brokers.themeBroker.loadTheme@ModuleFontStyle": "Default",
  "debugFunctions|debugSetting.brokers.themeBroker.loadTheme@FunctionFontStyle": "Default",
  "debugFunctions|debugSetting.brokers.themeBroker.loadTheme@MessageFontStyle": "Default",
  "debugFunctions|debugSetting.brokers.themeBroker.loadTheme@DataFontStyle": "Default",
  "debugFunctions|debugSetting.brokers.themeBroker.loadTheme@ModuleFontColor": "Default",
  "debugFunctions|debugSetting.brokers.themeBroker.loadTheme@FunctionFontColor": "Default",
  "debugFunctions|debugSetting.brokers.themeBroker.loadTheme@MessageFontColor": "Default",
  "debugFunctions|debugSetting.brokers.themeBroker.loadTheme@DataFontColor": "Default",
  "debugFunctions|debugSetting.brokers.themeBroker.loadTheme@ModuleFontBackgroundColor": "Default",
  "debugFunctions|debugSetting.brokers.themeBroker.loadTheme@FunctionFontBackgroundColor": "Default",
  "debugFunctions|debugSetting.brokers.themeBroker.loadTheme@MessageFontBackgroundColor": "Default",
  "debugFunctions|debugSetting.brokers.themeBroker.loadTheme@DataFontBackgroundColor": "Default",
  "debugFunctions|debugSetting.brokers.themeBroker.applyTheme": false,
  "debugFunctions|debugSetting.brokers.themeBroker.applyTheme@ModuleFontStyle": "Default",
  "debugFunctions|debugSetting.brokers.themeBroker.applyTheme@FunctionFontStyle": "Default",
  "debugFunctions|debugSetting.brokers.themeBroker.applyTheme@MessageFontStyle": "Default",
  "debugFunctions|debugSetting.brokers.themeBroker.applyTheme@DataFontStyle": "Default",
  "debugFunctions|debugSetting.brokers.themeBroker.applyTheme@ModuleFontColor": "Default",
  "debugFunctions|debugSetting.brokers.themeBroker.applyTheme@FunctionFontColor": "Default",
  "debugFunctions|debugSetting.brokers.themeBroker.applyTheme@MessageFontColor": "Default",
  "debugFunctions|debugSetting.brokers.themeBroker.applyTheme@DataFontColor": "Default",
  "debugFunctions|debugSetting.brokers.themeBroker.applyTheme@ModuleFontBackgroundColor": "Default",
  "debugFunctions|debugSetting.brokers.themeBroker.applyTheme@FunctionFontBackgroundColor": "Default",
  "debugFunctions|debugSetting.brokers.themeBroker.applyTheme@MessageFontBackgroundColor": "Default",
  "debugFunctions|debugSetting.brokers.themeBroker.applyTheme@DataFontBackgroundColor": "Default"
}
