{
  "debugFiles|debugSetting.executrix.colorizer": false,
  "debugFiles|debugSetting.executrix.colorizer@ModuleFontStyle": "Bold|Underline",
  "debugFiles|debugSetting.executrix.colorizer@FunctionFontStyle": "Bold|Underline",
  "debugFiles|debugSetting.executrix.colorizer@MessageFontStyle": "Underline",
  "debugFiles|debugSetting.executrix.colorizer@DataFontStyle": "Bold",
  "debugFiles|debugSetting.executrix.colorizer@ModuleFontColor": "200,0,0",
  "debugFiles|debugSetting.executrix.colorizer@FunctionFontColor": "White",
  "debugFiles|debugSetting.executrix.colorizer@MessageFontColor": "200,0,0",
  "debugFiles|debugSetting.executrix.colorizer@DataFontColor": "White",
  "debugFiles|debugSetting.executrix.colorizer@ModuleFontBackgroundColor": "White",
  "debugFiles|debugSetting.executrix.colorizer@FunctionFontBackgroundColor": "Black",
  "debugFiles|debugSetting.executrix.colorizer@MessageFontBackgroundColor": "White",
  "debugFiles|debugSetting.executrix.colorizer@DataFontBackgroundColor": "Black",
  "debugFunctions|debugSetting.executrix.colorizer.colorizeMessage": false,
  "debugFunctions|debugSetting.executrix.colorizer.colorizeMessage@ModuleFontStyle": "Default",
  "debugFunctions|debugSetting.executrix.colorizer.colorizeMessage@FunctionFontStyle": "Default",
  "debugFunctions|debugSetting.executrix.colorizer.colorizeMessage@MessageFontStyle": "Default",
  "debugFunctions|debugSetting.executrix.colorizer.colorizeMessage@DataFontStyle": "Default",
  "debugFunctions|debugSetting.executrix.colorizer.colorizeMessage@ModuleFontColor": "Default",
  "debugFunctions|debugSetting.executrix.colorizer.colorizeMessage@FunctionFontColor": "Default",
  "debugFunctions|debugSetting.executrix.colorizer.colorizeMessage@MessageFontColor": "Default",
  "debugFunctions|debugSetting.executrix.colorizer.colorizeMessage@DataFontColor": "Default",
  "debugFunctions|debugSetting.executrix.colorizer.colorizeMessage@ModuleFontBackgroundColor": "Default",
  "debugFunctions|debugSetting.executrix.colorizer.colorizeMessage@FunctionFontBackgroundColor": "Default",
  "debugFunctions|debugSetting.executrix.colorizer.colorizeMessage@MessageFontBackgroundColor": "Default",
  "debugFunctions|debugSetting.executrix.colorizer.colorizeMessage@DataFontBackgroundColor": "Default",
  "debugFunctions|debugSetting.executrix.colorizer.aggregateStyleSetting": false,
  "debugFunctions|debugSetting.executrix.colorizer.aggregateStyleSetting@ModuleFontStyle": "Default",
  "debugFunctions|debugSetting.executrix.colorizer.aggregateStyleSetting@FunctionFontStyle": "Default",
  "debugFunctions|debugSetting.executrix.colorizer.aggregateStyleSetting@MessageFontStyle": "Default",
  "debugFunctions|debugSetting.executrix.colorizer.aggregateStyleSetting@DataFontStyle": "Default",
  "debugFunctions|debugSetting.executrix.colorizer.aggregateStyleSetting@ModuleFontColor": "Default",
  "debugFunctions|debugSetting.executrix.colorizer.aggregateStyleSetting@FunctionFontColor": "Default",
  "debugFunctions|debugSetting.executrix.colorizer.aggregateStyleSetting@MessageFontColor": "Default",
  "debugFunctions|debugSetting.executrix.colorizer.aggregateStyleSetting@DataFontColor": "Default",
  "debugFunctions|debugSetting.executrix.colorizer.aggregateStyleSetting@ModuleFontBackgroundColor": "Default",
  "debugFunctions|debugSetting.executrix.colorizer.aggregateStyleSetting@FunctionFontBackgroundColor": "Default",
  "debugFunctions|debugSetting.executrix.colorizer.aggregateStyleSetting@MessageFontBackgroundColor": "Default",
  "debugFunctions|debugSetting.executrix.colorizer.aggregateStyleSetting@DataFontBackgroundColor": "Default",
  "debugFunctions|debugSetting.executrix.colorizer.getFontStyleSettingsFromSetting": false,
  "debugFunctions|debugSetting.executrix.colorizer.getFontStyleSettingsFromSetting@ModuleFontStyle": "Default",
  "debugFunctions|debugSetting.executrix.colorizer.getFontStyleSettingsFromSetting@FunctionFontStyle": "Default",
  "debugFunctions|debugSetting.executrix.colorizer.getFontStyleSettingsFromSetting@MessageFontStyle": "Default",
  "debugFunctions|debugSetting.executrix.colorizer.getFontStyleSettingsFromSetting@DataFontStyle": "Default",
  "debugFunctions|debugSetting.executrix.colorizer.getFontStyleSettingsFromSetting@ModuleFontColor": "Default",
  "debugFunctions|debugSetting.executrix.colorizer.getFontStyleSettingsFromSetting@FunctionFontColor": "Default",
  "debugFunctions|debugSetting.executrix.colorizer.getFontStyleSettingsFromSetting@MessageFontColor": "Default",
  "debugFunctions|debugSetting.executrix.colorizer.getFontStyleSettingsFromSetting@DataFontColor": "Default",
  "debugFunctions|debugSetting.executrix.colorizer.getFontStyleSettingsFromSetting@ModuleFontBackgroundColor": "Default",
  "debugFunctions|debugSetting.executrix.colorizer.getFontStyleSettingsFromSetting@FunctionFontBackgroundColor": "Default",
  "debugFunctions|debugSetting.executrix.colorizer.getFontStyleSettingsFromSetting@MessageFontBackgroundColor": "Default",
  "debugFunctions|debugSetting.executrix.colorizer.getFontStyleSettingsFromSetting@DataFontBackgroundColor": "Default",
  "debugFunctions|debugSetting.executrix.colorizer.getColorStyleSettingFromSetting": false,
  "debugFunctions|debugSetting.executrix.colorizer.getColorStyleSettingFromSetting@ModuleFontStyle": "Default",
  "debugFunctions|debugSetting.executrix.colorizer.getColorStyleSettingFromSetting@FunctionFontStyle": "Default",
  "debugFunctions|debugSetting.executrix.colorizer.getColorStyleSettingFromSetting@MessageFontStyle": "Default",
  "debugFunctions|debugSetting.executrix.colorizer.getColorStyleSettingFromSetting@DataFontStyle": "Default",
  "debugFunctions|debugSetting.executrix.colorizer.getColorStyleSettingFromSetting@ModuleFontColor": "Default",
  "debugFunctions|debugSetting.executrix.colorizer.getColorStyleSettingFromSetting@FunctionFontColor": "Default",
  "debugFunctions|debugSetting.executrix.colorizer.getColorStyleSettingFromSetting@MessageFontColor": "Default",
  "debugFunctions|debugSetting.executrix.colorizer.getColorStyleSettingFromSetting@DataFontColor": "Default",
  "debugFunctions|debugSetting.executrix.colorizer.getColorStyleSettingFromSetting@ModuleFontBackgroundColor": "Default",
  "debugFunctions|debugSetting.executrix.colorizer.getColorStyleSettingFromSetting@FunctionFontBackgroundColor": "Default",
  "debugFunctions|debugSetting.executrix.colorizer.getColorStyleSettingFromSetting@MessageFontBackgroundColor": "Default",
  "debugFunctions|debugSetting.executrix.colorizer.getColorStyleSettingFromSetting@DataFontBackgroundColor": "Default",
  "debugFunctions|debugSetting.executrix.colorizer.getNamedColorData": false,
  "debugFunctions|debugSetting.executrix.colorizer.getNamedColorData@ModuleFontStyle": "Default",
  "debugFunctions|debugSetting.executrix.colorizer.getNamedColorData@FunctionFontStyle": "Default",
  "debugFunctions|debugSetting.executrix.colorizer.getNamedColorData@MessageFontStyle": "Default",
  "debugFunctions|debugSetting.executrix.colorizer.getNamedColorData@DataFontStyle": "Default",
  "debugFunctions|debugSetting.executrix.colorizer.getNamedColorData@ModuleFontColor": "Default",
  "debugFunctions|debugSetting.executrix.colorizer.getNamedColorData@FunctionFontColor": "Default",
  "debugFunctions|debugSetting.executrix.colorizer.getNamedColorData@MessageFontColor": "Default",
  "debugFunctions|debugSetting.executrix.colorizer.getNamedColorData@DataFontColor": "Default",
  "debugFunctions|debugSetting.executrix.colorizer.getNamedColorData@ModuleFontBackgroundColor": "Default",
  "debugFunctions|debugSetting.executrix.colorizer.getNamedColorData@FunctionFontBackgroundColor": "Default",
  "debugFunctions|debugSetting.executrix.colorizer.getNamedColorData@MessageFontBackgroundColor": "Default",
  "debugFunctions|debugSetting.executrix.colorizer.getNamedColorData@DataFontBackgroundColor": "Default",
  "debugFunctions|debugSetting.executrix.colorizer.setUnderlineFontStyleOnMessageComponentAccordingToSetting": false,
  "debugFunctions|debugSetting.executrix.colorizer.setUnderlineFontStyleOnMessageComponentAccordingToSetting@ModuleFontStyle": "Default",
  "debugFunctions|debugSetting.executrix.colorizer.setUnderlineFontStyleOnMessageComponentAccordingToSetting@FunctionFontStyle": "Default",
  "debugFunctions|debugSetting.executrix.colorizer.setUnderlineFontStyleOnMessageComponentAccordingToSetting@MessageFontStyle": "Default",
  "debugFunctions|debugSetting.executrix.colorizer.setUnderlineFontStyleOnMessageComponentAccordingToSetting@DataFontStyle": "Default",
  "debugFunctions|debugSetting.executrix.colorizer.setUnderlineFontStyleOnMessageComponentAccordingToSetting@ModuleFontColor": "Default",
  "debugFunctions|debugSetting.executrix.colorizer.setUnderlineFontStyleOnMessageComponentAccordingToSetting@FunctionFontColor": "Default",
  "debugFunctions|debugSetting.executrix.colorizer.setUnderlineFontStyleOnMessageComponentAccordingToSetting@MessageFontColor": "Default",
  "debugFunctions|debugSetting.executrix.colorizer.setUnderlineFontStyleOnMessageComponentAccordingToSetting@DataFontColor": "Default",
  "debugFunctions|debugSetting.executrix.colorizer.setUnderlineFontStyleOnMessageComponentAccordingToSetting@ModuleFontBackgroundColor": "Default",
  "debugFunctions|debugSetting.executrix.colorizer.setUnderlineFontStyleOnMessageComponentAccordingToSetting@FunctionFontBackgroundColor": "Default",
  "debugFunctions|debugSetting.executrix.colorizer.setUnderlineFontStyleOnMessageComponentAccordingToSetting@MessageFontBackgroundColor": "Default",
  "debugFunctions|debugSetting.executrix.colorizer.setUnderlineFontStyleOnMessageComponentAccordingToSetting@DataFontBackgroundColor": "Default",
  "debugFunctions|debugSetting.executrix.colorizer.setBoldFontStyleOnMessageComponentAccordingToSetting": false,
  "debugFunctions|debugSetting.executrix.colorizer.setBoldFontStyleOnMessageComponentAccordingToSetting@ModuleFontStyle": "Default",
  "debugFunctions|debugSetting.executrix.colorizer.setBoldFontStyleOnMessageComponentAccordingToSetting@FunctionFontStyle": "Default",
  "debugFunctions|debugSetting.executrix.colorizer.setBoldFontStyleOnMessageComponentAccordingToSetting@MessageFontStyle": "Default",
  "debugFunctions|debugSetting.executrix.colorizer.setBoldFontStyleOnMessageComponentAccordingToSetting@DataFontStyle": "Default",
  "debugFunctions|debugSetting.executrix.colorizer.setBoldFontStyleOnMessageComponentAccordingToSetting@ModuleFontColor": "Default",
  "debugFunctions|debugSetting.executrix.colorizer.setBoldFontStyleOnMessageComponentAccordingToSetting@FunctionFontColor": "Default",
  "debugFunctions|debugSetting.executrix.colorizer.setBoldFontStyleOnMessageComponentAccordingToSetting@MessageFontColor": "Default",
  "debugFunctions|debugSetting.executrix.colorizer.setBoldFontStyleOnMessageComponentAccordingToSetting@DataFontColor": "Default",
  "debugFunctions|debugSetting.executrix.colorizer.setBoldFontStyleOnMessageComponentAccordingToSetting@ModuleFontBackgroundColor": "Default",
  "debugFunctions|debugSetting.executrix.colorizer.setBoldFontStyleOnMessageComponentAccordingToSetting@FunctionFontBackgroundColor": "Default",
  "debugFunctions|debugSetting.executrix.colorizer.setBoldFontStyleOnMessageComponentAccordingToSetting@MessageFontBackgroundColor": "Default",
  "debugFunctions|debugSetting.executrix.colorizer.setBoldFontStyleOnMessageComponentAccordingToSetting@DataFontBackgroundColor": "Default",
  "debugFunctions|debugSetting.executrix.colorizer.setFontForegroundColorOnMessageComponentAccordingToSetting": false,
  "debugFunctions|debugSetting.executrix.colorizer.setFontForegroundColorOnMessageComponentAccordingToSetting@ModuleFontStyle": "Default",
  "debugFunctions|debugSetting.executrix.colorizer.setFontForegroundColorOnMessageComponentAccordingToSetting@FunctionFontStyle": "Default",
  "debugFunctions|debugSetting.executrix.colorizer.setFontForegroundColorOnMessageComponentAccordingToSetting@MessageFontStyle": "Default",
  "debugFunctions|debugSetting.executrix.colorizer.setFontForegroundColorOnMessageComponentAccordingToSetting@DataFontStyle": "Default",
  "debugFunctions|debugSetting.executrix.colorizer.setFontForegroundColorOnMessageComponentAccordingToSetting@ModuleFontColor": "Default",
  "debugFunctions|debugSetting.executrix.colorizer.setFontForegroundColorOnMessageComponentAccordingToSetting@FunctionFontColor": "Default",
  "debugFunctions|debugSetting.executrix.colorizer.setFontForegroundColorOnMessageComponentAccordingToSetting@MessageFontColor": "Default",
  "debugFunctions|debugSetting.executrix.colorizer.setFontForegroundColorOnMessageComponentAccordingToSetting@DataFontColor": "Default",
  "debugFunctions|debugSetting.executrix.colorizer.setFontForegroundColorOnMessageComponentAccordingToSetting@ModuleFontBackgroundColor": "Default",
  "debugFunctions|debugSetting.executrix.colorizer.setFontForegroundColorOnMessageComponentAccordingToSetting@FunctionFontBackgroundColor": "Default",
  "debugFunctions|debugSetting.executrix.colorizer.setFontForegroundColorOnMessageComponentAccordingToSetting@MessageFontBackgroundColor": "Default",
  "debugFunctions|debugSetting.executrix.colorizer.setFontForegroundColorOnMessageComponentAccordingToSetting@DataFontBackgroundColor": "Default",
  "debugFunctions|debugSetting.executrix.colorizer.setFontBackgroundColorOnMessageComponentAccordingToSetting": false,
  "debugFunctions|debugSetting.executrix.colorizer.setFontBackgroundColorOnMessageComponentAccordingToSetting@ModuleFontStyle": "Default",
  "debugFunctions|debugSetting.executrix.colorizer.setFontBackgroundColorOnMessageComponentAccordingToSetting@FunctionFontStyle": "Default",
  "debugFunctions|debugSetting.executrix.colorizer.setFontBackgroundColorOnMessageComponentAccordingToSetting@MessageFontStyle": "Default",
  "debugFunctions|debugSetting.executrix.colorizer.setFontBackgroundColorOnMessageComponentAccordingToSetting@DataFontStyle": "Default",
  "debugFunctions|debugSetting.executrix.colorizer.setFontBackgroundColorOnMessageComponentAccordingToSetting@ModuleFontColor": "Default",
  "debugFunctions|debugSetting.executrix.colorizer.setFontBackgroundColorOnMessageComponentAccordingToSetting@FunctionFontColor": "Default",
  "debugFunctions|debugSetting.executrix.colorizer.setFontBackgroundColorOnMessageComponentAccordingToSetting@MessageFontColor": "Default",
  "debugFunctions|debugSetting.executrix.colorizer.setFontBackgroundColorOnMessageComponentAccordingToSetting@DataFontColor": "Default",
  "debugFunctions|debugSetting.executrix.colorizer.setFontBackgroundColorOnMessageComponentAccordingToSetting@ModuleFontBackgroundColor": "Default",
  "debugFunctions|debugSetting.executrix.colorizer.setFontBackgroundColorOnMessageComponentAccordingToSetting@FunctionFontBackgroundColor": "Default",
  "debugFunctions|debugSetting.executrix.colorizer.setFontBackgroundColorOnMessageComponentAccordingToSetting@MessageFontBackgroundColor": "Default",
  "debugFunctions|debugSetting.executrix.colorizer.setFontBackgroundColorOnMessageComponentAccordingToSetting@DataFontBackgroundColor": "Default",
  "debugFunctions|debugSetting.executrix.colorizer.removeFontStyles": false,
  "debugFunctions|debugSetting.executrix.colorizer.removeFontStyles@ModuleFontStyle": "Default",
  "debugFunctions|debugSetting.executrix.colorizer.removeFontStyles@FunctionFontStyle": "Default",
  "debugFunctions|debugSetting.executrix.colorizer.removeFontStyles@MessageFontStyle": "Default",
  "debugFunctions|debugSetting.executrix.colorizer.removeFontStyles@DataFontStyle": "Default",
  "debugFunctions|debugSetting.executrix.colorizer.removeFontStyles@ModuleFontColor": "Default",
  "debugFunctions|debugSetting.executrix.colorizer.removeFontStyles@FunctionFontColor": "Default",
  "debugFunctions|debugSetting.executrix.colorizer.removeFontStyles@MessageFontColor": "Default",
  "debugFunctions|debugSetting.executrix.colorizer.removeFontStyles@DataFontColor": "Default",
  "debugFunctions|debugSetting.executrix.colorizer.removeFontStyles@ModuleFontBackgroundColor": "Default",
  "debugFunctions|debugSetting.executrix.colorizer.removeFontStyles@FunctionFontBackgroundColor": "Default",
  "debugFunctions|debugSetting.executrix.colorizer.removeFontStyles@MessageFontBackgroundColor": "Default",
  "debugFunctions|debugSetting.executrix.colorizer.removeFontStyles@DataFontBackgroundColor": "Default"
}
